dbo	Agent_Layout	ID_Контрагент	dbo	Контрагент	ID	FK_Agent_Layout_Контрагент
dbo	Agent_Layout	ID_Объект	dbo	Объект	ID	FK_Agent_Layout_Объект
dbo	CheckTerminalTable	ID_Cont	dbo	Контейнер	ID	FK_CheckTerminalTable_Контейнер
dbo	CheckTerminalTable	ID_User	dbo	Users	UserID	FK_CheckTerminalTable_Users
dbo	CMR	ID_Грузоотправитель	dbo	Контрагент	ID	FK_CMR_Контрагент
dbo	CMR	ID_Грузополучатель	dbo	Контрагент	ID	FK_CMR_Контрагент1
dbo	CMR	ID_Поручитель	dbo	Контрагент	ID	FK_CMR_Контрагент2
dbo	CMR	ID_Рейс	dbo	Рейс	ID	FK_CMR_Рейс
dbo	CMR	ID_Тип	dbo	Тип_CMR	ID	FK_CMR_Тип_CMR
dbo	CMR_Контейнер	ID_CMR	dbo	CMR	ID	FK_CMR_Контейнер_CMR
dbo	CMR_Контейнер	ID_Контейнер	dbo	Контейнер	ID	FK_CMR_Контейнер_Контейнер
dbo	DECL_G47	ID_ГТД	dbo	Декларация	ID	FK_DECL_G47_Декларация
dbo	DECL_G47	ID_ТипДокумента	dbo	Тип_Документа_ГТД	ID	FK_DECL_G47_Тип_Документа_ГТД
dbo	EDI_Message_Income	ID_MessageType	dbo	EDI_Message_Type	ID	FK_EDI_Message_Income_EDI_Message_Type
dbo	EDI_Message_Income	ID_Outcome	dbo	EDI_Message_Outcome	ID	FK_EDI_Message_Income_EDI_Message_Outcome
dbo	EDI_Message_Income	ID_Объект	dbo	Объект	ID	FK_EDI_Message_Income_Объект
dbo	EDI_Message_Outcome	ID_MessageType	dbo	EDI_Message_Type	ID	FK_EDI_Message_Outcome_EDI_Message_Type
dbo	EDI_Message_Outcome	ID_Packet	dbo	EDI_Message_Outcome	ID	FK_EDI_Message_Outcome_EDI_Message_Outcome
dbo	EDI_Message_Outcome	ID_Объект	dbo	Объект	ID	FK_EDI_Message_Outcome_Объект
dbo	EDI_Message_Outcome	ID_Статус	dbo	EDI_Status	ID	FK_EDI_Message_Outcome_EDI_Status
dbo	EDI_Message_Outcome_Files	ID_Outcome	dbo	EDI_Message_Outcome	ID	FK_EDI_Message_Outcome_Files_EDI_Message_Outcome
dbo	EDI_Message_State	ID_IncomeMessage	dbo	EDI_Message_Income	ID	FK_EDI_Message_State_EDI_Message_Income
dbo	EDI_Message_State	ID_PrevStatus	dbo	EDI_Message_State	ID	FK_EDI_Message_State_EDI_Message_State
dbo	EDI_Message_State	ID_Status	dbo	EDI_Status	ID	FK_EDI_Message_State_EDI_Status
dbo	EDI_Маршрутизация	ID_EDI	dbo	EDI_Форматы	ID	FK_EDI_Маршрутизация_EDI_Форматы
dbo	EDI_Маршрутизация	ID_Отправитель	dbo	Контрагент	ID	FK_EDI_Маршрутизация_Контрагент
dbo	EDI_Маршрутизация	ID_РольПолучателя	dbo	EDI_РольКонтрагента	ID	FK_EDI_Маршрутизация_EDI_РольКонтрагента
dbo	EDI_РольКонтрагента	ID_EDI	dbo	EDI_Форматы	ID	FK_EDI_РольКонтрагента_EDI_Форматы
dbo	EDI_Сообщения	ID_МаршрутизацияEDI	dbo	EDI_Маршрутизация	ID	FK_EDI_Сообщения_EDI_Маршрутизация
dbo	EDI_Сообщения	ID_Объект	dbo	Объект	ID	FK_EDI_Сообщения_Объект
dbo	EDI_Сообщения	ID_Статус	dbo	СтатусОтправкиРелиза	ID	FK_EDI_Сообщения_СтатусОтправкиРелиза
dbo	EDI_Сообщения	ID_ТипСобытия	dbo	Событие_Релиза	ID	FK_EDI_Сообщения_Событие_Релиза
dbo	EDI_Форматы	ID_Объект	dbo	Объект	ID	FK_EDI_Форматы_Объект
dbo	MailLog	ID_Type	dbo	MailLogType	ID	FK_MailLog_MailLogType
dbo	messages_groups_last_message	GroupId	dbo	messages_groups	ID	FK_messages_groups_last_message_messages_groups
dbo	messages_groups_users	GroupID	dbo	messages_groups	ID	FK_messages_groups_users_messages_groups
dbo	portal_extreme_journals_layouts	Владелец	dbo	portal_users	id	FK_portal_extreme_journals_layouts_portal_users
dbo	portal_extreme_journals_layouts_bindings	ID_LAYOUT	dbo	portal_extreme_journals_layouts	ID	FK_portal_extreme_journals_layouts_bindings_portal_extreme_journals_layouts
dbo	portal_journals_list	id	dbo	portal_journals_list	id	FK_portal_journals_list_portal_journals_list
dbo	portal_message_readed	ID_portal_user	dbo	portal_users	id	FK_portal_message_readed_portal_users
dbo	portal_message_readed	ID_Примечание	dbo	Примечание	ID	FK_portal_message_readed_Примечание
dbo	portal_message_readed_person	ID_Персона	dbo	Персона	ID	FK_portal_message_readed_person_Персона
dbo	portal_message_readed_person	ID_Примечание	dbo	Примечание	ID	FK_portal_message_readed_person_Примечание
dbo	portal_users_filters	id_journal	dbo	portal_journals_list	id	FK_portal_users_filters_portal_journals_list
dbo	portal_users_filters	id_portal_user	dbo	portal_users	id	FK_portal_users_filters_portal_users
dbo	portal_users_firms	ID_Firm	dbo	Контрагент	ID	FK_portal_users_firms_Контрагент
dbo	portal_users_firms	ID_User	dbo	portal_users	id	FK_portal_users_firms_portal_users
dbo	portal_users_sessions	ID_User	dbo	portal_users	id	FK_portal_users_sessions_portal_users
dbo	portal_users_tokens	ID_User	dbo	portal_users	id	FK_portal_users_tokens_portal_users
dbo	SecurityGroupAssigns	SecurityGroupID	dbo	SecurityGroups	SecurityGroupID	FK_SecurityGroupAssigns_SecurityGroups
dbo	SecurityGroupAssigns	UserID	dbo	Users	UserID	FK_SecurityGroupAssigns_Users
dbo	SecurityRight	GroupID	dbo	SecurityRight	SecurityRightID	FK_SecurityRight_SecurityRight
dbo	SecurityRight	ID_Object	dbo	Объект	ID	FK_SecurityRight_Объект
dbo	SecurityRightAssign	SecurityGroupID	dbo	SecurityGroups	SecurityGroupID	FK_SecurityRightAssign_SecurityGroups
dbo	SecurityRightAssign	SecurityRightID	dbo	SecurityRight	SecurityRightID	FK_SecurityRightAssign_SecurityRight
dbo	Temp_TableCustomSums	ID_ВалВыст	dbo	Валюта	KOD	FK_Temp_TableCustomSums_Валюта1
dbo	Temp_TableCustomSums	ID_ВалСумма	dbo	Валюта	KOD	FK_Temp_TableCustomSums_Валюта
dbo	Temp_TableCustomSums	ID_Заказа	dbo	Запрос_Клиента	ID	FK_Temp_TableCustomSums_Запрос_Клиента
dbo	Temp_TableCustomSums	ID_Услуги	dbo	Тип_номенклатурной_единицы	ID	FK_Temp_TableCustomSums_Тип_номенклатурной_единицы
dbo	TG_UserLink	ID_Person	dbo	Персона	ID	FK_TG_UserLink_Users
dbo	TG_UserLink	ID_PortalUser	dbo	portal_users	id	FK_TG_UserLink_portal_users
dbo	User_EDO	ID_User	dbo	Users	UserID	FK_User_EDO_Users
dbo	User_Filter	ID_User	dbo	Users	UserID	FK_User_Filter_Users
dbo	User_Filter	ID_ОбъектФильтрации	dbo	ОбъектФильтрации	ID	FK_User_Filter_ОбъектФильтрации
dbo	User_Function	ID_Объект	dbo	Объект	ID	FK_User_Function_Объект
dbo	User_Function_Menu	ID_UF	dbo	User_Function	ID	FK_User_Function_Menu_User_Function
dbo	User_Function_Menu	ID_Объект	dbo	Объект	ID	FK_User_Function_Menu_Объект
dbo	User_Function_Parameter	ID_Function	dbo	User_Function	ID	FK_User_Function_Parameter_User_Function
dbo	User_Function_Parameter	ID_Справочник	dbo	Объект	ID	FK_User_Function_Parameter_Объект
dbo	User_Function_Parameter	ID_Тип	dbo	UserFieldType	ID	FK_User_Function_Parameter_UserFieldType
dbo	UserField	ID_Объекта	dbo	Объект	ID	FK_UserField_Объект
dbo	UserField	ID_Справочник	dbo	Объект	ID	FK_UserField_Объект1
dbo	UserField	ID_Тип	dbo	UserFieldType	ID	FK_UserField_UserFieldType
dbo	UserLayout	ID_User	dbo	Users	UserID	FK_UserLayout_Users
dbo	UserLayout	ID_UserModule	dbo	User_Function	ID	FK_UserLayout_User_Function
dbo	UserLayout	ID_Объект	dbo	Объект	ID	FK_UserLayout_Объект
dbo	UserLayout	ID_ТипДокумента	dbo	Тип_Документа	ID	FK_UserLayout_Тип_Документа
dbo	Users	ID_Person	dbo	Персона	ID	FK_Users_Персона
dbo	UserSettings	ID_Type	dbo	UserSettingsType	ID	FK_UserSettings_UserSettingsType
dbo	UserSettings	ID_User	dbo	Users	UserID	FK_UserSettings_Users
dbo	UserSettings	ID_UserModule	dbo	User_Function	ID	FK_UserSettings_User_Function
dbo	UserSettings	ID_Объект	dbo	Объект	ID	FK_UserSettings_Объект
dbo	UserSettings	ID_ОТГ	dbo	Настройка_ОТГ	ID	FK_UserSettings_Настройка_ОТГ
dbo	Адрес	ID_НаселенныйПункт	dbo	НаселенныйПункт	ID	FK_Адрес_НаселенныйПункт
dbo	Адрес	ID_Регион	dbo	Регион	ID	FK_Адрес_Регион
dbo	Адрес	ID_Страна	dbo	Страна	ID	FK_Адрес_Страна
dbo	Аналитика	ID_Группы	dbo	Аналитика	ID	FK_Аналитика_Аналитика
dbo	Аналитика	ID_Договор	dbo	Документ	ID	FK_Аналитика_Документ
dbo	Аналитика	ID_Заказчик	dbo	Контрагент	ID	FK_Аналитика_Контрагент
dbo	Аналитика	ID_ЦФО	dbo	ЦФО	ID	FK_Аналитика_ЦФО
dbo	Банк	ID_Адрес	dbo	Адрес	ID	FK_Банк_Адрес
dbo	Банк	ID_НаселенныйПункт	dbo	НаселенныйПункт	ID	FK_Банк_НаселенныйПункт
dbo	БГ	ID_Банк	dbo	Банк	ID	FK_БГ_Банк
dbo	БГ	KOD_Валюты	dbo	Валюта	KOD	FK_БГ_Валюта
dbo	БизнесПроцесс_Поля	ID_БП	dbo	БизнессПроцесс	ID	FK_БизнесПроцесс_Поля_БизнессПроцесс
dbo	БизнесПроцесс_Поля	ID_Справочник	dbo	Объект	ID	FK_БизнесПроцесс_Поля_Объект
dbo	БизнесПроцесс_Поля	ID_Тип	dbo	UserFieldType	ID	FK_БизнесПроцесс_Поля_UserFieldType
dbo	БизнессПроцесс	ID_Проект	dbo	Проект	ID	FK_БизнессПроцесс_Проект
dbo	БизнессПроцесс	ID_Статус	dbo	Статус_исполнения_документа	ID	FK_БизнессПроцесс_Статус_исполнения_документа
dbo	БП_Выбор	ID_БП	dbo	БизнессПроцесс	ID	FK_БП_Выбор_БизнессПроцесс
dbo	БП_Выбор	ID_ТипРезультата	dbo	UserFieldType	ID	FK_БП_Выбор_UserFieldType
dbo	БП_Выбор_Ветви	ID_Выбор	dbo	БП_Выбор	ID	FK_БП_Выбор_Ветви_БП_Выбор
dbo	БП_Выбор_Ветви	ID_СледШаг	dbo	БП_Дерево	ID	FK_БП_Выбор_Ветви_БП_Дерево
dbo	БП_Действие	ID_Важность	dbo	Задача_Важность	ID	FK_БП_Действие_Задача_Важность
dbo	БП_Действие	ID_КритерийВыполнения	dbo	БП_Действие_Критерий	ID	FK_БП_Действие_БП_Действие_Критерий
dbo	БП_Действие	ID_Тип	dbo	Тип_Задачи	ID	FK_БП_Действие_Тип_Задачи
dbo	БП_Действие	ID_ТипЗадачи	dbo	Тип_Задачи_По_Запросу	ID	FK_БП_Действие_Тип_Задачи_По_Запросу
dbo	БП_Действие_Персоны	ID_Действие	dbo	БП_Действие	ID	FK_БП_Действие_Персоны_БП_Действие
dbo	БП_Действие_Персоны	ID_Персона	dbo	Персона	ID	FK_БП_Действие_Персоны_Персона
dbo	БП_Действие_Персоны_Поля	ID_Действие	dbo	БП_Действие	ID	FK_БП_Действие_Персоны_Поля_БП_Действие
dbo	БП_Действие_Персоны_Поля	ID_Параметр	dbo	БизнесПроцесс_Поля	ID	FK_БП_Действие_Персоны_Поля_БизнесПроцесс_Поля
dbo	БП_Действие_Поля	ID_БП_Действие	dbo	БП_Действие	ID	FK_БП_Действие_Поля_БизнессПроцесс
dbo	БП_Действие_Поля	ID_БП_Поле	dbo	БизнесПроцесс_Поля	ID	FK_БП_Действие_Поля_БизнесПроцесс_Поля
dbo	БП_Дерево	ID_False	dbo	БП_Дерево	ID	FK_БП_Дерево_БП_Дерево2
dbo	БП_Дерево	ID_True	dbo	БП_Дерево	ID	FK_БП_Дерево_БП_Дерево1
dbo	БП_Дерево	ID_СледШаг	dbo	БП_Дерево	ID	FK_БП_Дерево_БП_Дерево
dbo	БП_Дерево	ID_ТипШага	dbo	БП_ТипШага	ID	FK_БП_Дерево_БП_ТипШага
dbo	БП_Обработка	ID_Результат	dbo	БизнесПроцесс_Поля	ID	FK_БП_Обработка_БизнесПроцесс_Поля
dbo	БП_Обработка	ID_Тип	dbo	БП_Обработка_Тип	ID	FK_БП_Обработка_БП_Обработка_Тип
dbo	БП_Уведомление_Список	ID_Контакт	dbo	Персона_Средство_Связи	ID	FK_БП_Уведомление_Список_Персона_Средство_Связи
dbo	БП_Уведомление_Список	ID_Персона	dbo	Персона	ID	FK_БП_Уведомление_Список_Персона
dbo	БП_Уведомление_Список	ID_Уведомление	dbo	БП_Уведомление	ID	FK_БП_Уведомление_Список_БП_Уведомление
dbo	БП_Уведомление_Список_Группы	ID_Группа	dbo	SecurityGroups	SecurityGroupID	FK_БП_Уведомление_Список_Группы_SecurityGroups
dbo	БП_Уведомление_Список_Группы	ID_Уведомление	dbo	БП_Уведомление	ID	FK_БП_Уведомление_Список_Группы_БП_Уведомление
dbo	БП_Уведомление_Список_Поля	ID_Поле	dbo	БизнесПроцесс_Поля	ID	FK_БП_Уведомление_Список_Поля_БизнесПроцесс_Поля
dbo	БП_Уведомление_Список_Поля	ID_Уведомление	dbo	БП_Уведомление	ID	FK_БП_Уведомление_Список_Поля_БП_Уведомление
dbo	БП_Уведомление_Список_Портал	ID_Пользователь	dbo	portal_users	id	FK_БП_Уведомление_Список_Портал_portal_users
dbo	БП_Уведомление_Список_Портал	ID_Уведомление	dbo	БП_Уведомление	ID	FK_БП_Уведомление_Список_Портал_БП_Уведомление
dbo	БП_Условие	ID_БП	dbo	БизнессПроцесс	ID	FK_БП_Условие_БизнессПроцесс
dbo	БП_Условие	ID_Тип	dbo	БП_Условие_Тип	ID	FK_БП_Условие_БП_Условие_Тип
dbo	БП_Экземпляр	ID	dbo	БП_Экземпляр	ID	FK_БП_Экземпляр_БП_Экземпляр1
dbo	БП_Экземпляр	ID_ОсновнойБП	dbo	БП_Экземпляр	ID	FK_БП_Экземпляр_БП_Экземпляр
dbo	БП_Экземпляр_Поля	ID_Поле	dbo	БизнесПроцесс_Поля	ID	FK_БП_Экземпляр_Поля_БизнесПроцесс_Поля
dbo	БП_Экземпляр_Поля	ID_Экземпляр	dbo	БП_Экземпляр	ID	FK_БП_Экземпляр_Поля_БП_Экземпляр
dbo	БП_Экземпляр_Состояние	ID_БП_Экземпляр	dbo	БП_Экземпляр	ID	FK_БП_Экземпляр_Состояние_БП_Экземпляр
dbo	БП_Экземпляр_Статус	ID_БП_Экземпляр	dbo	БП_Экземпляр	ID	FK_БП_Экземпляр_Статус_БП_Экземпляр
dbo	БП_Экземпляр_Статус	ID_Объект	dbo	Объект	ID	FK_БП_Экземпляр_Статус_Объект
dbo	Валюта	ID_РодСклоненияМонеты	dbo	Род_Склонения	ID	FK_Валюта_Род_Склонения1
dbo	Вид_пропорции	ID_ЕдиницаРасчета	dbo	ЕдиницаРасчета	ID	FK_Вид_пропорции_ЕдиницаРасчета
dbo	Виды_ГСМ	ID_ВидУпаковки	dbo	Тип_Упаковки_контейнера	ID	FK_Виды_ГСМ_Тип_Упаковки_контейнера
dbo	Виды_ГСМ	ID_Группы	dbo	Виды_ГСМ	ID	FK_Виды_ГСМ_Виды_ГСМ
dbo	Виды_ГСМ	ID_ЕдИзм	dbo	Единица_Измерения	ID	FK_Виды_ГСМ_Единица_Измерения
dbo	Виды_ГСМ	ID_Изготовитель	dbo	Контрагент	ID	FK_Виды_ГСМ_Контрагент
dbo	Виды_ГСМ	ID_Страна	dbo	Страна	ID	FK_Виды_ГСМ_Страна
dbo	Груз_Даты_План_Факт	ID_Груз	dbo	Контейнер	ID	FK_Груз_Даты_План_Факт_Контейнер
dbo	Груз_Даты_План_Факт	ID_КонтрольныеДаты	dbo	КонтрольныеДаты	ID	FK_Груз_Даты_План_Факт_КонтрольныеДаты
dbo	Груз_Даты_План_Факт	ID_МОГ_Отпр	dbo	Место_обработки_грузов	ID	FK_Груз_Даты_План_Факт_Место_обработки_грузов
dbo	Груз_Даты_План_Факт	ID_МОГ_ТО	dbo	Место_обработки_грузов	ID	FK_Груз_Даты_План_Факт_Место_обработки_грузов1
dbo	Груз_Даты_План_Факт	ID_НП_Отпр	dbo	НаселенныйПункт	ID	FK_Груз_Даты_План_Факт_НаселенныйПункт
dbo	Груз_Даты_План_Факт	ID_НП_ТО	dbo	НаселенныйПункт	ID	FK_Груз_Даты_План_Факт_НаселенныйПункт1
dbo	Груз_Даты_План_Факт	ID_Разнарядка	dbo	Запрос_План	ID	FK_Груз_Даты_План_Факт_Запрос_План
dbo	Груз_Запрос_Клиента	ID_Груз	dbo	Контейнер	ID	FK_Груз_Запрос_Клиента_Контейнер
dbo	Груз_Запрос_Клиента	ID_Запрос	dbo	Запрос_Клиента	ID	FK_Груз_Запрос_Клиента_Запрос_Клиента
dbo	Груз_ЗаявкаНаГруз	ID_Груз	dbo	Контейнер	ID	FK_Груз_ЗаявкаНаГруз_Контейнер
dbo	Груз_ЗаявкаНаГруз	ID_ЗаявкаНаГруз	dbo	Заявка_По_Грузам	ID	FK_Груз_ЗаявкаНаГруз_Заявка_По_Грузам
dbo	Груз_Инвойс	ID_Груз	dbo	Контейнер	ID	FK_Груз_Инвойс_Контейнер
dbo	Груз_Инвойс	ID_Инвойс	dbo	Инвойс	ID	FK_Груз_Инвойс_Инвойс
dbo	Груз_Проблема	ID_Груз	dbo	Контейнер	ID	FK_Груз_Проблема_Контейнер
dbo	Груз_Проблема	ID_ТипПроблемы	dbo	Тип_Проблемы	ID	FK_Груз_Проблема_Тип_Проблемы
dbo	Груз_Релиз	ID_Груз	dbo	Контейнер	ID	FK_Груз_Релиз_Контейнер
dbo	Груз_Релиз	ID_Релиз	dbo	Релиз	ID	FK_Груз_Релиз_Релиз
dbo	Груз_Товар	ID_Pack	dbo	Упаковка	ID	FK_Груз_Товар_Упаковка
dbo	Груз_Товар	ID_Pack0	dbo	Упаковка	ID	FK_Груз_Товар_Упаковка2
dbo	Груз_Товар	ID_Pack2	dbo	Упаковка	ID	FK_Груз_Товар_Упаковка1
dbo	Груз_Товар	ID_Груз	dbo	Контейнер	ID	FK_Груз_Товар_Контейнер
dbo	Груз_Товар	ID_МестоНазначения	dbo	Место_обработки_грузов	ID	FK_Груз_Товар_Место_обработки_грузов
dbo	Груз_Товар	ID_Отгрузка	dbo	Отгрузка	ID	FK_Груз_Товар_Отгрузка
dbo	Груз_Товар	ID_Товар	dbo	Товар	ID	FK_Груз_Товар_Товар
dbo	Груз_Упаковочный	ID_Груз	dbo	Контейнер	ID	FK_Груз_Упаковочный_Контейнер
dbo	Груз_Упаковочный	ID_Упаковочный	dbo	Упаковочный_Лист	ID	FK_Груз_Упаковочный_Упаковочный_Лист
dbo	Грузы_Суммы_ГТД	ID_ГТД	dbo	Декларация	ID	FK_Грузы_Суммы_ГТД_Декларация
dbo	ГТД_Груз	ID_Валюта	dbo	Валюта	KOD	FK_ГТД_Груз_Валюта
dbo	ГТД_Груз	ID_ГТД	dbo	Декларация	ID	FK_ГТД_Груз_Декларация
dbo	ГТД_Груз	ID_ЕдИзм	dbo	Единица_Измерения	ID	FK_ГТД_Груз_Единица_Измерения
dbo	ГТД_Груз	ID_Изготовитель	dbo	Контрагент	ID	FK_ГТД_Груз_Контрагент
dbo	ГТД_Груз	ID_МОС	dbo	МетодОпределенияТамСтоимости	ID	FK_ГТД_Груз_МетодОпределенияТамСтоимости
dbo	ГТД_Груз	ID_НаименованиеГруза	dbo	НаименованиеГруза	ID	FK_ГТД_Груз_НаименованиеГруза
dbo	ГТД_Груз	ID_ПКТС	dbo	ПризнакКоррТамСтоимости	ID	FK_ГТД_Груз_ПризнакКоррТамСтоимости
dbo	ГТД_Груз	ID_СтранаИзготовитель	dbo	Страна	ID	FK_ГТД_Груз_Страна
dbo	ГТД_Груз	ID_ТипУпаковки	dbo	Тип_Упаковки_контейнера	ID	FK_ГТД_Груз_Тип_Упаковки_контейнера
dbo	ГТД_Груз_Товар	ID_ГТД_Груз	dbo	ГТД_Груз	ID	FK_ГТД_Груз_Товар_ГТД_Груз
dbo	ГТД_Контейнеры	ID_ГТД	dbo	Декларация	ID	FK_ГТД_Контейнеры_Декларация
dbo	ГТД_Контейнеры	ID_Тип	dbo	Тип_Контейнера	ID	FK_ГТД_Контейнеры_Тип_Контейнера
dbo	ГТД_МерыКонтроля	ID_ГТД	dbo	Декларация	ID	FK_ГТД_МерыКонтроля_Декларация
dbo	ГТД_МерыКонтроля	ID_МераКонтроля	dbo	МераКонтроля	ID	FK_ГТД_МерыКонтроля_МераКонтроля
dbo	Декларация	CurEditUserID	dbo	Персона	ID	FK_Декларация_Персона1
dbo	Декларация	CurUserID	dbo	Персона	ID	FK_Декларация_Персона
dbo	Декларация	ID_БГ	dbo	БГ	ID	FK_Декларация_БГ
dbo	Декларация	ID_Брокер	dbo	Контрагент	ID	FK_Декларация_Контрагент1
dbo	Декларация	ID_Выпускающий	dbo	Персона	ID	FK_Декларация_Персона6
dbo	Декларация	ID_Грузоотправитель	dbo	Контрагент	ID	FK_Декларация_Контрагент4
dbo	Декларация	ID_Декларант	dbo	Персона	ID	FK_Декларация_Персона5
dbo	Декларация	ID_ИнспекторВыпуск	dbo	Персона	ID	FK_Декларация_Персона3
dbo	Декларация	ID_ИнспекторПодача	dbo	Персона	ID	FK_Декларация_Персона2
dbo	Декларация	ID_ИП	dbo	Платеж	ID	FK_Декларация_Платеж
dbo	Декларация	ID_КлиентВСистеме	dbo	Контрагент	ID	FK_Декларация_Контрагент
dbo	Декларация	ID_Код_Инкотермс	dbo	Код_Инкотермс	ID	FK_Декларация_Код_Инкотермс
dbo	Декларация	ID_Контракт	dbo	Документ	ID	FK_Декларация_Документ
dbo	Декларация	ID_НасПункт	dbo	НаселенныйПункт	ID	FK_Декларация_НаселенныйПункт
dbo	Декларация	ID_ОрганВъездаВыезда	dbo	Место_обработки_грузов	ID	FK_Декларация_Место_обработки_грузов1
dbo	Декларация	ID_ПодписывающийДекларант	dbo	Персона	ID	FK_Декларация_Персона4
dbo	Декларация	ID_Получатель	dbo	Контрагент	ID	FK_Декларация_Контрагент3
dbo	Декларация	ID_Поставщик	dbo	Контрагент	ID	FK_Декларация_Контрагент2
dbo	Декларация	ID_Статус	dbo	Статус_исполнения_документа	ID	FK_Декларация_Статус_исполнения_документа
dbo	Декларация	ID_СтатусВыгрузки	dbo	Статус_Выгрузки_ДТ	ID	FK_Декларация_Декларация
dbo	Декларация	ID_Таможня	dbo	Место_обработки_грузов	ID	FK_Декларация_Место_обработки_грузов
dbo	Декларация	ID_ТипДТ	dbo	Тип_ДТ	ID	FK_Декларация_Тип_ДТ
dbo	Декларация	ID_ТоргующаяСтрана	dbo	Страна	ID	FK_Декларация_Страна
dbo	Декларация_ДопПоля	ID_ДТ	dbo	Декларация	ID	FK_Декларация_ДопПоля_Декларация
dbo	Декларация_Контейнер	ID_Декларация	dbo	Декларация	ID	FK_Декларация_Контейнер_Декларация
dbo	Декларация_Контейнер	ID_Контейнер	dbo	Контейнер	ID	FK_Декларация_Контейнер_Контейнер
dbo	Декларация_Суммы	ID_Декларация	dbo	Декларация	ID	FK_Декларация_Суммы_Декларация
dbo	Декларация_Суммы	KOD	dbo	Валюта	KOD	FK_Декларация_Суммы_Валюта
dbo	Документ	ID_Банк	dbo	Банк	ID	FK_Документ_Банк
dbo	Документ	ID_Валюта	dbo	Валюта	KOD	FK_Документ_Валюта
dbo	Документ	ID_График_Оплаты	dbo	График_оплаты_счетов	ID	FK_Документ_График_оплаты_счетов
dbo	Документ	ID_ЖД_Накладная	dbo	ЖД_Накладная	ID	FK_Документ_ЖД_Накладная
dbo	Документ	ID_Контрагент	dbo	Контрагент	ID	FK_Документ_Контрагент
dbo	Документ	ID_Ответственный	dbo	Персона	ID	FK_Документ_Персона2
dbo	Документ	ID_Паспорт	dbo	Документ	ID	FK_Документ_Документ
dbo	Документ	ID_ПереходСобственности	dbo	Переход_Собственности	ID	FK_Документ_Переход_Собственности
dbo	Документ	ID_Подписант	dbo	Персона	ID	FK_Документ_Персона
dbo	Документ	ID_ПодписантСвой	dbo	Персона	ID	FK_Документ_Персона1
dbo	Документ	ID_РС	dbo	РасчетныйСчет	ID	FK_Документ_РасчетныйСчет
dbo	Документ	ID_СвояФирма	dbo	Контрагент	ID	FK_Документ_Контрагент1
dbo	Документ	ID_Статус	dbo	Статус_исполнения_документа	ID	FK_Документ_Статус_исполнения_документа
dbo	Документ	ID_Тип_Документа	dbo	Тип_Документа	ID	FK_Документ_Тип_Документа
dbo	Документ	ID_ТипДоговора	dbo	Типы_договора	ID	FK_Документ_Типы_договора
dbo	Документ	ID_ТипИсходногоДокумента	dbo	ТипИсходногоДокумента	ID	FK_Документ_ТипИсходногоДокумента
dbo	Документ	ID_Товар	dbo	Товар	ID	FK_Документ_Товар
dbo	Документ_ДопСоглашение	ID_Документ	dbo	Документ	ID	FK_Документ_ДопСоглашение_Документ
dbo	Документ_ДопСоглашение	ID_ДопСоглашение	dbo	Документ	ID	FK_Документ_ДопСоглашение_Документ1
dbo	Документ_Услуги	ID_Документ	dbo	Документ	ID	FK_Документ_Услуги_Документ
dbo	Документ_Услуги	ID_Услуга	dbo	Тип_номенклатурной_единицы	ID	FK_Документ_Услуги_Тип_номенклатурной_единицы
dbo	Документ_Файл	ID_Документ	dbo	Документ	ID	FK_Документ_Файл_Документ
dbo	Документ_Файл_Скачано	ID_Объект	dbo	Объект	ID	FK_Документ_Файл_Скачано_Объект
dbo	Документ_Файл_Скачано	ID_Файл	dbo	Документ_Файл	ID	FK_Документ_Файл_Скачано_Документ_Файл
dbo	ДокументыПоДТ	ID_ДТ	dbo	Декларация	ID	FK_ДокументыПоДТ_Декларация
dbo	ДокументыПоДТ	ID_Тип	dbo	Тип_Документа	ID	FK_ДокументыПоДТ_Тип_Документа
dbo	ДополнительноеПоле	ID_Объекта	dbo	Объект	ID	FK_ДополнительноеПоле_Объект
dbo	ДопПоле	ID_ТипЗначения	dbo	Тип_Значений_ДопПоле	ID	FK_ДопПоле_Тип_Значений_ДопПоле
dbo	ДопПоле_Значение	ID_Объект_ДопПоле	dbo	Объект_ДопПоле	ID	FK_ДопПоле_Значение_Объект_ДопПоле
dbo	Единица_Измерения	ID_Группы	dbo	Единица_Измерения	ID	FK_Единица_Измерения_Единица_Измерения
dbo	ЕдиницаИзмеренияСУТ	ID_ЕдИзм	dbo	Единица_Измерения	ID	FK_ЕдиницаИзмеренияСУТ_Единица_Измерения
dbo	ЕдиницаИзмеренияСУТ	ID_Подразделение	dbo	Подразделения	ID	FK_ЕдиницаИзмеренияСУТ_Подразделения
dbo	ЖД_Накладная	ID_АдресНазн	dbo	Адрес	ID	FK_ЖД_Накладная_Адрес
dbo	ЖД_Накладная	ID_АдресОтпр	dbo	Адрес	ID	FK_ЖД_Накладная_Адрес1
dbo	ЖД_Накладная	ID_Контрагент	dbo	Контрагент	ID	FK_ЖД_Накладная_Контрагент
dbo	ЖД_Накладная	ID_МестоНазн	dbo	Место_обработки_грузов	ID	FK_ЖД_Накладная_Место_обработки_грузов
dbo	ЖД_Накладная	ID_МестоОтпр	dbo	Место_обработки_грузов	ID	FK_ЖД_Накладная_Место_обработки_грузов1
dbo	ЖД_Накладная	ID_НасПунктНазн	dbo	НаселенныйПункт	ID	FK_ЖД_Накладная_НаселенныйПункт
dbo	ЖД_Накладная	ID_НасПунктОтпр	dbo	НаселенныйПункт	ID	FK_ЖД_Накладная_НаселенныйПункт1
dbo	ЖД_Накладная	ID_ПлательщикТарифа	dbo	Контрагент	ID	FK_ЖД_Накладная_Контрагент1
dbo	ЖД_Накладная	ID_РегионНазн	dbo	Регион	ID	FK_ЖД_Накладная_Регион
dbo	ЖД_Накладная	ID_РегионОтпр	dbo	Регион	ID	FK_ЖД_Накладная_Регион1
dbo	ЖД_Накладная	ID_Статус	dbo	Статус_исполнения_документа	ID	FK_ЖД_Накладная_Статус_исполнения_документа
dbo	ЖД_Накладная	ID_СтранаНазн	dbo	Страна	ID	FK_ЖД_Накладная_Страна
dbo	ЖД_Накладная	ID_СтранаОтпр	dbo	Страна	ID	FK_ЖД_Накладная_Страна1
dbo	ЖД_Накладная	ID_ТипМестаНазн	dbo	Тип_места_обработки	ID	FK_ЖД_Накладная_Тип_места_обработки
dbo	ЖД_Накладная	ID_ТипМестаОтпр	dbo	Тип_места_обработки	ID	FK_ЖД_Накладная_Тип_места_обработки1
dbo	ЖД_Накладная_Вагоны	ID_Вагон	dbo	Транспортное_Средство	ID	FK_ЖД_Накладная_Вагоны_Транспортное_Средство
dbo	ЖД_Накладная_Вагоны	ID_Накладная	dbo	ЖД_Накладная	ID	FK_ЖД_Накладная_Вагоны_ЖД_Накладная
dbo	ЖД_Накладная_Грузы	ID_UN	dbo	UN_Number	ID	FK_ЖД_Накладная_Грузы_UN_Number
dbo	ЖД_Накладная_Грузы	ID_ГНГ	dbo	ГНГ	GNG_Code	FK_ЖД_Накладная_Грузы_ГНГ
dbo	ЖД_Накладная_Грузы	ID_ЕТСНГ	dbo	ЕТСНГ	ETCIS_Code	FK_ЖД_Накладная_Грузы_ЕТСНГ
dbo	ЖД_Накладная_Грузы	ID_КлассОпасности	dbo	КлассОпасностиГруза	ID	FK_ЖД_Накладная_Грузы_КлассОпасностиГруза
dbo	ЖД_Накладная_Грузы	ID_Накладная	dbo	ЖД_Накладная	ID	FK_ЖД_Накладная_Грузы_ЖД_Накладная
dbo	ЖД_Накладная_Контейнеры	ID_Накладная	dbo	ЖД_Накладная	ID	FK_ЖД_Накладная_Контейнеры_ЖД_Накладная
dbo	ЖД_Накладная_Контейнеры	ID_Оборудование	dbo	Оборудование	ID	FK_ЖД_Накладная_Контейнеры_Оборудование
dbo	ЖД_Накладная_Контрейлеры	ID_Накладная	dbo	ЖД_Накладная	ID	FK_ЖД_Накладная_Контрейлеры_ЖД_Накладная
dbo	ЖД_Накладная_Контрейлеры	ID_ТС	dbo	Транспортное_Средство	ID	FK_ЖД_Накладная_Контрейлеры_Транспортное_Средство
dbo	ЖД_Накладная_Платежи	ID_Валюта	dbo	Валюта	KOD	FK_ЖД_Накладная_Платежи_Валюта
dbo	ЖД_Накладная_Платежи	ID_КатегорияПлатежа	dbo	Категория_Платежа	ID	FK_ЖД_Накладная_Платежи_Категория_Платежа
dbo	ЖД_Накладная_Платежи	ID_Контейнер	dbo	Оборудование	ID	FK_ЖД_Накладная_Платежи_Оборудование
dbo	ЖД_Накладная_Платежи	ID_Накладная	dbo	ЖД_Накладная	ID	FK_ЖД_Накладная_Платежи_ЖД_Накладная
dbo	ЖД_Накладная_Платежи	ID_ТипПлатежа	dbo	ТипПлатежа	ID	FK_ЖД_Накладная_Платежи_ТипПлатежа
dbo	ЖД_Накладная_Платежи	ID_ТС	dbo	Транспортное_Средство	ID	FK_ЖД_Накладная_Платежи_Транспортное_Средство
dbo	Задача	CurUserID	dbo	Персона	ID	FK_Задача_Персона
dbo	Задача	ID_Важность	dbo	Задача_Важность	ID	FK_Задача_Задача_Важность
dbo	Задача	ID_КА_Запросы	dbo	Контрагент	ID	FK_Задача_Контрагент1
dbo	Задача	ID_Контрагент	dbo	Контрагент	ID	FK_Задача_Контрагент
dbo	Задача	ID_КтоДелегироал	dbo	Персона	ID	FK_Задача_Персона1
dbo	Задача	ID_Объект	dbo	Объект	ID	FK_Задача_Объект
dbo	Задача	ID_Проект	dbo	Проект	ID	FK_Задача_Проект
dbo	Задача	ID_Статус	dbo	Задача_Статус	ID	FK_Задача_Задача_Статус
dbo	Задача	ID_Тип	dbo	Тип_Задачи	ID	FK_Задача_Тип_Задачи
dbo	Задача	ID_ТипЗадачи	dbo	Тип_Задачи_По_Запросу	ID	FK_Задача_Тип_Задачи_По_Запросу
dbo	Задача	ID_Шаг	dbo	БП_Дерево	ID	FK_Задача_БП_Дерево
dbo	Задача	ID_ЭкземплярБП	dbo	БП_Экземпляр	ID	FK_Задача_БП_Экземпляр
dbo	Задача	ParentID	dbo	Задача	ID	FK_Задача_Задача
dbo	Задача	Признак1С	dbo	Признак_Выгрузки_1С	ID	FK_Задача_Признак_Выгрузки_1С
dbo	Задача_КА_Последняя	ID_Контрагент	dbo	Контрагент	ID	FK_Задача_КА_Последняя_Контрагент
dbo	Задача_КА_Последняя	ID_Статус	dbo	Задача_Статус	ID	FK_Задача_КА_Последняя_Задача_Статус
dbo	Задача_Персоны	ID_Задача	dbo	Задача	ID	FK_Задача_Персоны_Задача
dbo	Задача_Персоны	ID_Персона	dbo	Персона	ID	FK_Задача_Персоны_Персона
dbo	Задача_Персоны_Поля	ID_Задача	dbo	Задача	ID	FK_Задача_Персоны_Поля_Задача
dbo	Задача_Персоны_Поля	ID_Параметр	dbo	БизнесПроцесс_Поля	ID	FK_Задача_Персоны_Поля_БизнесПроцесс_Поля
dbo	Задача_Персоны_Поля	ID_Персона	dbo	Персона	ID	FK_Задача_Персоны_Поля_Персона
dbo	Задача_По_Запросу	ID_Запрос	dbo	Запрос_Клиента	ID	FK_Задача_По_Запросу_Запрос_Клиента
dbo	Задача_По_Запросу	ID_Ответственный	dbo	Персона	ID	FK_Задача_По_Запросу_Персона
dbo	Задача_По_Запросу	ID_Тип_Задачи	dbo	Тип_Задачи_По_Запросу	ID	FK_Задача_По_Запросу_Тип_Задачи_По_Запросу
dbo	Задача_Ресурсы	ID_Задача	dbo	Задача	ID	FK_Задача_Ресурсы_Задача
dbo	Задача_Ресурсы	ID_Ресурсы	dbo	Ресурсы	ID	FK_Задача_Ресурсы_Ресурсы
dbo	Заказ_Коносамент	ID_Заказ	dbo	Запрос_Клиента	ID	FK_Заказ_Коносамент_Запрос_Клиента
dbo	Заказ_Коносамент	ID_Коносамент	dbo	Коносамент	ID	FK_Заказ_Коносамент_Коносамент
dbo	Заказ_Поставщику_Строка	ID_Заказ_Поставщику	dbo	Заказ_Поставщику	ID	FK_Заказ_Поставщику_Строка_Заказ_Поставщику
dbo	Заказ_Поставщику_Строка	ID_Потребность_Строка	dbo	Потребность_Строка	ID	FK_Заказ_Поставщику_Строка_Потребность_Строка
dbo	Запрос_варианты	ID_Валюта	dbo	Валюта	KOD	FK_Запрос_варианты_Запрос_варианты
dbo	Запрос_варианты	ID_Запрос	dbo	Запрос_Клиента	ID	FK_Запрос_варианты_Запрос_Клиента
dbo	Запрос_варианты	ID_Инкотермс	dbo	Код_Инкотермс	ID	FK_Запрос_варианты_Код_Инкотермс
dbo	Запрос_варианты	ID_Место_Назначения	dbo	Место_обработки_грузов	ID	FK_Запрос_варианты_Место_обработки_грузов
dbo	Запрос_варианты	ID_Место_Отправления	dbo	Место_обработки_грузов	ID	FK_Запрос_варианты_Место_обработки_грузов1
dbo	Запрос_варианты	ID_НП_Назначения	dbo	НаселенныйПункт	ID	FK_Запрос_варианты_НаселенныйПункт
dbo	Запрос_варианты	ID_НП_Отправления	dbo	НаселенныйПункт	ID	FK_Запрос_варианты_НаселенныйПункт1
dbo	Запрос_варианты	ID_Подразделение	dbo	Подразделения	ID	FK_Запрос_варианты_Подразделения
dbo	Запрос_варианты	ID_ПричинаОтказа	dbo	Причина_Отказа	ID	FK_Запрос_варианты_Причина_Отказа
dbo	Запрос_варианты	ID_Статус_КомПредл	dbo	Статус_КомПредл	ID	FK_Запрос_варианты_Статус_КомПредл
dbo	Запрос_варианты	ID_Тип_Сервиса	dbo	Тип_Сервиса_Запроса	ID	FK_Запрос_варианты_Тип_Сервиса_Запроса
dbo	Запрос_варианты	ID_ТипПеревозки	dbo	Тип_перевозки	ID	FK_Запрос_варианты_Тип_перевозки
dbo	Запрос_варианты_БП	ID_БП	dbo	БизнессПроцесс	ID	FK_Запрос_варианты_БП_БизнессПроцесс
dbo	Запрос_варианты_БП	ID_Вариант	dbo	Запрос_варианты	ID	FK_Запрос_варианты_БП_Запрос_варианты
dbo	Запрос_варианты_ТипСервиса	ID_Тип_Сервиса	dbo	Тип_Сервиса_Запроса	ID	FK_Запрос_варианты_ТипСервиса_Тип_Сервиса_Запроса
dbo	Запрос_Клиента	Cur_UserID	dbo	Персона	ID	FK_Запрос_Клиента_Персона6
dbo	Запрос_Клиента	ID_Consignee	dbo	Контрагент	ID	FK_Запрос_Клиента_Контрагент7
dbo	Запрос_Клиента	ID_Notify	dbo	Персона	ID	FK_Запрос_Клиента_Персона5
dbo	Запрос_Клиента	ID_Shipper	dbo	Контрагент	ID	FK_Запрос_Клиента_Контрагент6
dbo	Запрос_Клиента	ID_Адрес_Назначения	dbo	Адрес	ID	FK_Запрос_Клиента_Адрес1
dbo	Запрос_Клиента	ID_Адрес_Отправления	dbo	Адрес	ID	FK_Запрос_Клиента_Адрес
dbo	Запрос_Клиента	ID_АдресЗатарки	dbo	Адрес	ID	FK_Запрос_Клиента_Адрес4
dbo	Запрос_Клиента	ID_АдресПерегрузки	dbo	Адрес	ID	FK_Запрос_Клиента_Адрес5
dbo	Запрос_Клиента	ID_АдресПеретарки	dbo	Адрес	ID	FK_Запрос_Клиента_Адрес3
dbo	Запрос_Клиента	ID_БизнессПроцесс	dbo	БизнессПроцесс	ID	FK_Запрос_Клиента_БизнессПроцесс
dbo	Запрос_Клиента	ID_Брокер	dbo	Контрагент	ID	FK_Запрос_Клиента_Контрагент14
dbo	Запрос_Клиента	ID_Вал_ДоГраницы	dbo	Валюта	KOD	FK_Запрос_Клиента_Валюта
dbo	Запрос_Клиента	ID_Вал_ПослеГраницы	dbo	Валюта	KOD	FK_Запрос_Клиента_Валюта1
dbo	Запрос_Клиента	ID_ВалютаСтоимости	dbo	Валюта	KOD	FK_Запрос_Клиента_Валюта2
dbo	Запрос_Клиента	ID_ВидГруза	dbo	НаименованиеГруза	ID	FK_Запрос_Клиента_НаименованиеГруза
dbo	Запрос_Клиента	ID_ВидДеятельности	dbo	Вид_деятельности	ID	FK_Запрос_Клиента_Вид_деятельности
dbo	Запрос_Клиента	ID_ВидДоставки	dbo	ВидДоставки	ID	FK_Запрос_Клиента_ВидДоставки
dbo	Запрос_Клиента	ID_ВидПромышленности	dbo	Вид_Промышленности	ID	FK_Запрос_Клиента_Вид_Промышленности
dbo	Запрос_Клиента	ID_Грузоотправитель	dbo	Контрагент	ID	FK_Запрос_Клиента_Контрагент3
dbo	Запрос_Клиента	ID_Грузополучатель	dbo	Контрагент	ID	FK_Запрос_Клиента_Контрагент4
dbo	Запрос_Клиента	ID_Декларант	dbo	Персона	ID	FK_Запрос_Клиента_Персона7
dbo	Запрос_Клиента	ID_Договор_Брокер_Получатель	dbo	Документ	ID	FK_Запрос_Клиента_Документ3
dbo	Запрос_Клиента	ID_Договор_Экспедирование	dbo	Документ	ID	FK_Запрос_Клиента_Документ5
dbo	Запрос_Клиента	ID_Договор_Экспедитор_Получатель	dbo	Документ	ID	FK_Запрос_Клиента_Документ4
dbo	Запрос_Клиента	ID_Заказчик	dbo	Контрагент	ID	FK_Запрос_Клиента_Контрагент
dbo	Запрос_Клиента	ID_Источник_запроса	dbo	Источник_Запроса	ID	FK_Запрос_Клиента_Источник_Запроса
dbo	Запрос_Клиента	ID_Код_Инкотермс	dbo	Код_Инкотермс	ID	FK_Запрос_Клиента_Код_Инкотермс
dbo	Запрос_Клиента	ID_Контакт_Грузоотправитель	dbo	Персона	ID	FK_Запрос_Клиента_Персона
dbo	Запрос_Клиента	ID_Контакт_Грузополучатель	dbo	Персона	ID	FK_Запрос_Клиента_Персона1
dbo	Запрос_Клиента	ID_Контракт_Отправитель_Поставщик	dbo	Документ	ID	FK_Запрос_Клиента_Документ1
dbo	Запрос_Клиента	ID_Контракт_Поставщик_Получатель	dbo	Документ	ID	FK_Запрос_Клиента_Документ2
dbo	Запрос_Клиента	ID_КонтрактОтправительПолучатель	dbo	Документ	ID	FK_Запрос_Клиента_Документ
dbo	Запрос_Клиента	ID_КураторУКлиента	dbo	Персона	ID	FK_Запрос_Клиента_Персона3
dbo	Запрос_Клиента	ID_Логист	dbo	Персона	ID	FK_Запрос_Клиента_Персона4
dbo	Запрос_Клиента	ID_Маршрут	dbo	Маршрут	ID	FK_Запрос_Клиента_Маршрут
dbo	Запрос_Клиента	ID_МаршрутПеретарки	dbo	Маршрут	ID	FK_Запрос_Клиента_Маршрут2
dbo	Запрос_Клиента	ID_Менеджер	dbo	Персона	ID	FK_Запрос_Клиента_Персона2
dbo	Запрос_Клиента	ID_Место_Затаможки	dbo	Место_обработки_грузов	ID	FK_Запрос_Клиента_Место_обработки_грузов6
dbo	Запрос_Клиента	ID_Место_Назначения	dbo	Место_обработки_грузов	ID	FK_Запрос_Клиента_Место_обработки_грузов1
dbo	Запрос_Клиента	ID_Место_Отправления	dbo	Место_обработки_грузов	ID	FK_Запрос_Клиента_Место_обработки_грузов
dbo	Запрос_Клиента	ID_Место_Растаможки	dbo	Место_обработки_грузов	ID	FK_Запрос_Клиента_Место_обработки_грузов5
dbo	Запрос_Клиента	ID_МестоЗатарки	dbo	Место_обработки_грузов	ID	FK_Запрос_Клиента_Место_обработки_грузов2
dbo	Запрос_Клиента	ID_МестоПерегрузки	dbo	Место_обработки_грузов	ID	FK_Запрос_Клиента_Место_обработки_грузов3
dbo	Запрос_Клиента	ID_МестоПеретарки	dbo	Место_обработки_грузов	ID	FK_Запрос_Клиента_Место_обработки_грузов9
dbo	Запрос_Клиента	ID_МестоРастарки	dbo	Место_обработки_грузов	ID	FK_Запрос_Клиента_Место_обработки_грузов4
dbo	Запрос_Клиента	ID_НасПункт_Куда	dbo	НаселенныйПункт	ID	FK_Запрос_Клиента_НаселенныйПункт1
dbo	Запрос_Клиента	ID_НасПункт_Откуда	dbo	НаселенныйПункт	ID	FK_Запрос_Клиента_НаселенныйПункт
dbo	Запрос_Клиента	ID_Номинальный_клиент	dbo	Контрагент	ID	FK_Запрос_Клиента_Контрагент8
dbo	Запрос_Клиента	ID_Номинальный_клиент	dbo	Контрагент	ID	FK_Запрос_Клиента_Контрагент1
dbo	Запрос_Клиента	ID_ОкАгент	dbo	Контрагент	ID	FK_Запрос_Клиента_Контрагент11
dbo	Запрос_Клиента	ID_ОкСудно	dbo	Транспортное_Средство	ID	FK_Запрос_Клиента_Транспортное_Средство
dbo	Запрос_Клиента	ID_Перевозчик	dbo	Контрагент	ID	FK_Запрос_Клиента_Контрагент16
dbo	Запрос_Клиента	ID_ПеревозчикПеретарки	dbo	Контрагент	ID	FK_Запрос_Клиента_Контрагент17
dbo	Запрос_Клиента	ID_ПериодДоставки	dbo	Период_доставки	ID	FK_Запрос_Клиента_Период_доставки
dbo	Запрос_Клиента	ID_План_АдресНазн	dbo	Адрес	ID	FK_Запрос_Клиента_Адрес2
dbo	Запрос_Клиента	ID_План_Маршрут	dbo	Маршрут	ID	FK_Запрос_Клиента_Маршрут1
dbo	Запрос_Клиента	ID_План_Место_Сдачи	dbo	Место_обработки_грузов	ID	FK_Запрос_Клиента_Место_обработки_грузов8
dbo	Запрос_Клиента	ID_План_МестоНазн	dbo	Место_обработки_грузов	ID	FK_Запрос_Клиента_Место_обработки_грузов7
dbo	Запрос_Клиента	ID_План_НасПунктНазн	dbo	НаселенныйПункт	ID	FK_Запрос_Клиента_НаселенныйПункт5
dbo	Запрос_Клиента	ID_Плательщик	dbo	Контрагент	ID	FK_Запрос_Клиента_Контрагент2
dbo	Запрос_Клиента	ID_ПограничныйПереход	dbo	Переход	ID	FK_Запрос_Клиента_Переход
dbo	Запрос_Клиента	ID_ПограничныйПереход2	dbo	Место_обработки_грузов	ID	FK_Запрос_Клиента_Место_обработки_грузов11
dbo	Запрос_Клиента	ID_ПодписантПорученияЭкспедитору	dbo	Персона	ID	FK_Запрос_Клиента_Персона9
dbo	Запрос_Клиента	ID_Подразделение	dbo	Подразделения	ID	FK_Запрос_Клиента_Подразделения
dbo	Запрос_Клиента	ID_Поставщик	dbo	Контрагент	ID	FK_Запрос_Клиента_Контрагент15
dbo	Запрос_Клиента	ID_Продавец	dbo	Персона	ID	FK_Запрос_Клиента_Персона8
dbo	Запрос_Клиента	ID_Протокол	dbo	Документ	ID	FK_Запрос_Клиента_Документ6
dbo	Запрос_Клиента	ID_ПунктЗатарки	dbo	НаселенныйПункт	ID	FK_Запрос_Клиента_НаселенныйПункт3
dbo	Запрос_Клиента	ID_ПунктПерегрузки	dbo	НаселенныйПункт	ID	FK_Запрос_Клиента_НаселенныйПункт2
dbo	Запрос_Клиента	ID_ПунктПеретарки	dbo	НаселенныйПункт	ID	FK_Запрос_Клиента_НаселенныйПункт6
dbo	Запрос_Клиента	ID_ПунктРастарки	dbo	НаселенныйПункт	ID	FK_Запрос_Клиента_НаселенныйПункт4
dbo	Запрос_Клиента	ID_СобственнаяФирма	dbo	Контрагент	ID	FK_Запрос_Клиента_Контрагент5
dbo	Запрос_Клиента	ID_Статус_КомПредл	dbo	Статус_КомПредл	ID	FK_Запрос_Клиента_Статус_КомПредл
dbo	Запрос_Клиента	ID_СтатусЗапроса	dbo	Статус_Запроса	ID	FK_Запрос_Клиента_Статус_Запроса
dbo	Запрос_Клиента	ID_Страна_Затарки	dbo	Страна	ID	FK_Запрос_Клиента_Страна2
dbo	Запрос_Клиента	ID_СтранаЗатарки	dbo	Страна	ID	FK_Запрос_Клиента_Страна
dbo	Запрос_Клиента	ID_СтранаРастарки	dbo	Страна	ID	FK_Запрос_Клиента_Страна1
dbo	Запрос_Клиента	ID_Судно	dbo	Транспортное_Средство	ID	FK_Запрос_Клиента_Транспортное_Средство1
dbo	Запрос_Клиента	ID_ТаможняНазначения	dbo	Место_обработки_грузов	ID	FK_Запрос_Клиента_Место_обработки_грузов10
dbo	Запрос_Клиента	ID_Тип_Операции	dbo	Тип_Операции_ВЭД	ID	FK_Запрос_Клиента_Тип_Операции_ВЭД
dbo	Запрос_Клиента	ID_Тип_Прих_Док	dbo	Тип_Прих_Док	ID	FK_Запрос_Клиента_Тип_Прих_Док
dbo	Запрос_Клиента	ID_Тип_Сервиса	dbo	Тип_Сервиса_Запроса	ID	FK_Запрос_Клиента_Тип_Сервиса_Запроса
dbo	Запрос_Клиента	ID_ТипГруза	dbo	ТипГрузаПоЗаказу	ID	FK_Запрос_Клиента_ТипГрузаПоЗаказу
dbo	Запрос_Клиента	ID_ТипКоррекции	dbo	Тип_коррекции	ID	FK_Запрос_Клиента_Тип_коррекции
dbo	Запрос_Клиента	ID_ТипПеревозки	dbo	Тип_перевозки	ID	FK_Запрос_Клиента_Тип_перевозки
dbo	Запрос_Клиента	ID_ТипСделки	dbo	Тип_Сделки	ID	FK_Запрос_Клиента_Тип_Сделки
dbo	Запрос_Клиента	ID_ТипТранспортаСГраницы	dbo	Тип_Рейса	ID	FK_Запрос_Клиента_Тип_Рейса
dbo	Запрос_Клиента	ID_УведомитьКонтрагента	dbo	Контрагент	ID	FK_Запрос_Контрагент_УведомитьКонтрагента
dbo	Запрос_Клиента	ID_Условие_Доставки	dbo	Условие_Доставки	ID	FK_Запрос_Клиента_Условие_Доставки
dbo	Запрос_Клиента	ID_Условие_Оплаты_Фрахта	dbo	Условие_оплаты_фрахта	ID	FK_Запрос_Клиента_Условие_оплаты_фрахта
dbo	Запрос_Клиента	ID_УсловиеСтрахование	dbo	Условие_Страхования	ID	FK_Запрос_Клиента_Условие_Страхования
dbo	Запрос_Клиента	ID_ФидАгент	dbo	Контрагент	ID	FK_Запрос_Клиента_Контрагент12
dbo	Запрос_Клиента	ID_ЦФО	dbo	ЦФО	ID	FK_Запрос_Клиента_ЦФО
dbo	Запрос_Клиента	ID_ЭкспедиторНазначения	dbo	Контрагент	ID	FK_Запрос_Клиента_Контрагент9
dbo	Запрос_Клиента	ID_ЭкспедиторОтправления	dbo	Контрагент	ID	FK_Запрос_Клиента_Контрагент10
dbo	Запрос_Клиента	ID_ЭкспедиторПерегрузки	dbo	Контрагент	ID	FK_Запрос_Клиента_Контрагент13
dbo	Запрос_Клиента_ДопПоля	ID_Заказ	dbo	Запрос_Клиента	ID	FK_Запрос_Клиента_ДопПоля_Запрос_Клиента
dbo	Запрос_Клиента_Оценки	ID_Заказ	dbo	Запрос_Клиента	ID	FK_Запрос_Клиента_Оценки_Запрос_Клиента
dbo	Запрос_Клиента_Оценки	ID_Критерий	dbo	Критерии_Оценки	ID	FK_Запрос_Клиента_Оценки_Критерии_Оценки
dbo	Запрос_Клиента_Расчет	ID_Запрос_Клиента	dbo	Запрос_Клиента	ID	FK_Запрос_Клиента_Расчет_Запрос_Клиента
dbo	Запрос_Клиента_Расчет	ID_Расчет	dbo	Контейнер_Расчет	ID	FK_Запрос_Клиента_Расчет_Контейнер_Расчет
dbo	Запрос_Клиента_Слоты	ID_Заказ	dbo	Запрос_Клиента	ID	FK_Запрос_Клиента_Слоты_Запрос_Клиента
dbo	Запрос_Клиента_Слоты	ID_ТипТЕ	dbo	Тип_Контейнера	ID	FK_Запрос_Клиента_Слоты_Тип_Контейнера
dbo	Запрос_Клиента_Суммы	ID_Запрос_Клиента	dbo	Запрос_Клиента	ID	FK_Запрос_Клиента_Суммы_Запрос_Клиента
dbo	Запрос_Клиента_Суммы	KOD	dbo	Валюта	KOD	FK_Запрос_Клиента_Суммы_Валюта
dbo	Запрос_Клиента_ТипСервиса	ID_Заказ	dbo	Запрос_Клиента	ID	FK_Запрос_Клиента_ТипСервиса_Запрос_Клиента
dbo	Запрос_Клиента_ТипСервиса	ID_Тип_Сервиса	dbo	Тип_Сервиса_Запроса	ID	FK_Запрос_Клиента_ТипСервиса_Тип_Сервиса_Запроса
dbo	Запрос_План	ID	dbo	Запрос_План	ID	FK_Запрос_План_Запрос_План8
dbo	Запрос_План	ID_iВидНалога	dbo	Вид_Налога	ID	FK_Запрос_План_Вид_Налога
dbo	Запрос_План	ID_iВидНалога_Факт	dbo	Вид_Налога	ID	FK_Запрос_План_Вид_Налога1
dbo	Запрос_План	ID_iВидНалогаР	dbo	Вид_Налога	ID	FK_Запрос_План_Вид_Налога2
dbo	Запрос_План	ID_iВидНалогаР_Факт	dbo	Вид_Налога	ID	FK_Запрос_План_Вид_Налога3
dbo	Запрос_План	ID_iНалогДоходаАгент	dbo	Вид_Налога	ID	FK_Запрос_План_Вид_Налога5
dbo	Запрос_План	ID_iНалогРасходаАгент	dbo	Вид_Налога	ID	FK_Запрос_План_Вид_Налога4
dbo	Запрос_План	ID_Parent	dbo	Запрос_План	ID	FK_Запрос_План_Запрос_План
dbo	Запрос_План	ID_ParentFromAgent	dbo	Запрос_План	ID	FK_Запрос_План_Запрос_План9
dbo	Запрос_План	ID_XML_Income	dbo	EDI_Message_Income	ID	FK_Запрос_План_EDI_Message_Income
dbo	Запрос_План	ID_XMLДокумент	dbo	EDI_Message_Outcome	ID	FK_Запрос_План_EDI_Message_Outcome
dbo	Запрос_План	ID_АгентНазн	dbo	Контрагент	ID	FK_Запрос_План_Контрагент5
dbo	Запрос_План	ID_АгентОтпр	dbo	Контрагент	ID	FK_Запрос_План_Контрагент6
dbo	Запрос_План	ID_АгентПоставщика	dbo	Персона	ID	FK_Запрос_План_Персона8
dbo	Запрос_План	ID_АдресНазн	dbo	Адрес	ID	FK_Запрос_План_Адрес
dbo	Запрос_План	ID_АдресОтпр	dbo	Адрес	ID	FK_Запрос_План_Адрес1
dbo	Запрос_План	ID_Важность	dbo	Задача_Важность	ID	FK_Запрос_План_Задача_Важность
dbo	Запрос_План	ID_ВалютаД	dbo	Валюта	KOD	FK_Запрос_План_Валюта
dbo	Запрос_План	ID_ВалютаД_Факт	dbo	Валюта	KOD	FK_Запрос_План_Валюта2
dbo	Запрос_План	ID_ВалютаР	dbo	Валюта	KOD	FK_Запрос_План_Валюта1
dbo	Запрос_План	ID_ВалютаР_Факт	dbo	Валюта	KOD	FK_Запрос_План_Валюта3
dbo	Запрос_План	ID_ВариантЗапроса	dbo	Запрос_варианты	ID	FK_Запрос_План_Запрос_варианты
dbo	Запрос_План	ID_ВидЗагрузки	dbo	Вид_Загрузки	ID	FK_Запрос_План_Вид_Загрузки
dbo	Запрос_План	ID_ВидПеремещения	dbo	Виды_Перемещений	ID	FK_Запрос_План_Виды_Перемещений
dbo	Запрос_План	ID_Водитель	dbo	Персона	ID	FK_Запрос_План_Персона1
dbo	Запрос_План	ID_ВодительВозврат	dbo	Персона	ID	FK_Запрос_План_Персона9
dbo	Запрос_План	ID_Грузоотправитель	dbo	Контрагент	ID	FK_Запрос_План_Контрагент2
dbo	Запрос_План	ID_Грузополучатель	dbo	Контрагент	ID	FK_Запрос_План_Контрагент3
dbo	Запрос_План	ID_Договор	dbo	Документ	ID	FK_Запрос_План_Документ
dbo	Запрос_План	ID_ДоговорЗаказ	dbo	Документ	ID	FK_Запрос_План_Документ1
dbo	Запрос_План	ID_ДопТС	dbo	Транспортное_Средство	ID	FK_Запрос_План_Транспортное_Средство1
dbo	Запрос_План	ID_ДТ	dbo	Декларация	ID	FK_Запрос_План_Декларация
dbo	Запрос_План	ID_ЕдИзмерения	dbo	Единица_Измерения	ID	FK_Запрос_План_Единица_Измерения
dbo	Запрос_План	ID_ЕдиницаГСМ	dbo	Единица_Измерения	ID	FK_Запрос_План_Единица_Измерения1
dbo	Запрос_План	ID_ЕдРасчета	dbo	ЕдиницаРасчета	ID	FK_Запрос_План_ЕдиницаРасчета
dbo	Запрос_План	ID_Заказ	dbo	Запрос_Клиента	ID	FK_Запрос_План_Запрос_Клиента
dbo	Запрос_План	ID_Конверсия	dbo	Конверсия	ID	FK_Запрос_План_Конверсия
dbo	Запрос_План	ID_Контакт_Грузоотправитель	dbo	Персона	ID	FK_Запрос_План_Персона2
dbo	Запрос_План	ID_Контакт_Грузополучатель	dbo	Персона	ID	FK_Запрос_План_Персона3
dbo	Запрос_План	ID_КонтактАгентНазн	dbo	Персона	ID	FK_Запрос_План_Персона5
dbo	Запрос_План	ID_КонтактАгентОтпр	dbo	Персона	ID	FK_Запрос_План_Персона6
dbo	Запрос_План	ID_КонтактУведомить	dbo	Персона	ID	FK_Запрос_План_Персона7
dbo	Запрос_План	ID_Контрагент	dbo	Контрагент	ID	FK_Запрос_План_Контрагент9
dbo	Запрос_План	ID_КопироватьГрузы	dbo	Запрос_План	ID	FK_Запрос_План_Запрос_План7
dbo	Запрос_План	ID_КопКАИзДругой	dbo	Запрос_План	ID	FK_Запрос_План_Запрос_План12
dbo	Запрос_План	ID_КопНазнИз	dbo	Запрос_План	ID	FK_Запрос_План_Запрос_План11
dbo	Запрос_План	ID_КопОтпрИз	dbo	Запрос_План	ID	FK_Запрос_План_Запрос_План10
dbo	Запрос_План	ID_Куратор_Поставщика	dbo	Персона	ID	FK_Запрос_План_Персона4
dbo	Запрос_План	ID_ЛинияWeb	dbo	СписокЛинийWeb	ID	FK_Запрос_План_СписокЛинийWeb
dbo	Запрос_План	ID_МаршрАгент	dbo	Маршрутизация_разнарядок	ID	FK_Запрос_План_Маршрутизация_разнарядок1
dbo	Запрос_План	ID_Маршрут	dbo	Маршрут	ID	FK_Запрос_План_Маршрут
dbo	Запрос_План	ID_Маршрутизация	dbo	Маршрутизация_разнарядок	ID	FK_Запрос_План_Маршрутизация_разнарядок
dbo	Запрос_План	ID_МестоЗатаможки	dbo	Место_обработки_грузов	ID	FK_Запрос_План_Место_обработки_грузов5
dbo	Запрос_План	ID_МестоНазн	dbo	Место_обработки_грузов	ID	FK_Запрос_План_Место_обработки_грузов2
dbo	Запрос_План	ID_МестоОтпр	dbo	Место_обработки_грузов	ID	FK_Запрос_План_Место_обработки_грузов3
dbo	Запрос_План	ID_Местоположение	dbo	Разнарядка_Местоположение	ID	FK_Запрос_План_Разнарядка_Местоположение
dbo	Запрос_План	ID_МестоРастаможки	dbo	Место_обработки_грузов	ID	FK_Запрос_План_Место_обработки_грузов4
dbo	Запрос_План	ID_НасПунктНазн	dbo	НаселенныйПункт	ID	FK_Запрос_План_НаселенныйПункт
dbo	Запрос_План	ID_НасПунктОтпр	dbo	НаселенныйПункт	ID	FK_Запрос_План_НаселенныйПункт1
dbo	Запрос_План	ID_НасПунктСдачи	dbo	НаселенныйПункт	ID	FK_Запрос_План_НаселенныйПункт2
dbo	Запрос_План	ID_НачалоЗависитОт	dbo	Вид_Даты_ПланОплаты	ID	FK_Запрос_План_Вид_Даты_ПланОплаты
dbo	Запрос_План	ID_НачалоЗависитОт_Факт	dbo	Вид_Даты_ПланОплаты	ID	FK_Запрос_План_Вид_Даты_ПланОплаты1
dbo	Запрос_План	ID_Номенклатура	dbo	Тип_номенклатурной_единицы	ID	FK_Запрос_План_Тип_номенклатурной_единицы
dbo	Запрос_План	ID_ОкончаниеЗависитОт	dbo	Вид_Даты_ПланОплаты	ID	FK_Запрос_План_Вид_Даты_ПланОплаты2
dbo	Запрос_План	ID_ОкончаниеЗависитОт_Факт	dbo	Вид_Даты_ПланОплаты	ID	FK_Запрос_План_Вид_Даты_ПланОплаты3
dbo	Запрос_План	ID_ОперацияНачала	dbo	Запрос_План	ID	FK_Запрос_План_Запрос_План3
dbo	Запрос_План	ID_ОперацияНачала_Факт	dbo	Запрос_План	ID	FK_Запрос_План_Запрос_План5
dbo	Запрос_План	ID_ОперацияОкончания	dbo	Запрос_План	ID	FK_Запрос_План_Запрос_План4
dbo	Запрос_План	ID_ОперацияОкончания_Факт	dbo	Запрос_План	ID	FK_Запрос_План_Запрос_План6
dbo	Запрос_План	ID_ОсновноеТС	dbo	Транспортное_Средство	ID	FK_Запрос_План_Транспортное_Средство
dbo	Запрос_План	ID_Ответственный	dbo	Персона	ID	FK_Запрос_План_Персона
dbo	Запрос_План	ID_Отправитель_Email	dbo	Персона_Средство_Связи	ID	FK_Запрос_План_Персона_Средство_Связи1
dbo	Запрос_План	ID_ПлатежКредит	dbo	Платеж	ID	FK_Запрос_План_Платеж
dbo	Запрос_План	ID_ПодразделениеНазначения	dbo	Место_обработки_грузов	ID	FK_Запрос_План_Место_обработки_грузов
dbo	Запрос_План	ID_ПодразделениеОтправления	dbo	Место_обработки_грузов	ID	FK_Запрос_План_Место_обработки_грузов1
dbo	Запрос_План	ID_Подтип_Рейса	dbo	Подтип_Рейса	ID	FK_Запрос_План_Подтип_Рейса
dbo	Запрос_План	ID_Поручитель	dbo	Контрагент	ID	FK_Запрос_План_Контрагент8
dbo	Запрос_План	ID_ПринадлежностьКонта	dbo	Принадлежность_оборудования	ID	FK_Запрос_План_Принадлежность_оборудования
dbo	Запрос_План	ID_ПунктПерегрузки	dbo	НаселенныйПункт	ID	FK_Запрос_План_НаселенныйПункт3
dbo	Запрос_План	ID_Распределение	dbo	Распределения	ID	FK_Запрос_План_Распределения
dbo	Запрос_План	ID_РегионНазн	dbo	Регион	ID	FK_Запрос_План_Регион
dbo	Запрос_План	ID_РегионОтпр	dbo	Регион	ID	FK_Запрос_План_Регион1
dbo	Запрос_План	ID_РежимДТ	dbo	РежимДТ	ID	FK_Запрос_План_РежимДТ
dbo	Запрос_План	ID_СвояФирма	dbo	Контрагент	ID	FK_Запрос_План_Контрагент
dbo	Запрос_План	ID_СвояФирмаЗаказ	dbo	Контрагент	ID	FK_Запрос_План_Контрагент1
dbo	Запрос_План	ID_СредствоСлежения	dbo	СредстваСлежения	ID	FK_Запрос_План_СредстваСлежения
dbo	Запрос_План	ID_Ставка	dbo	Запрос_План	ID	FK_Запрос_План_Запрос_План1
dbo	Запрос_План	ID_Ставка_План	dbo	Запрос_План	ID	FK_Запрос_План_Запрос_План2
dbo	Запрос_План	ID_Статус	dbo	Статус_Разнарядки	ID	FK_Запрос_План_Статус_Разнарядки
dbo	Запрос_План	ID_СтатусКомплектаДок	dbo	Статус_КомплектаДок	ID	FK_Запрос_План_Статус_КомплектаДок
dbo	Запрос_План	ID_СтатусСинхронизации	dbo	Статус_ПТиУ	ID	FK_Запрос_План_Статус_ПТиУ
dbo	Запрос_План	ID_СтранаНазн	dbo	Страна	ID	FK_Запрос_План_Страна1
dbo	Запрос_План	ID_СтранаОтпр	dbo	Страна	ID	FK_Запрос_План_Страна
dbo	Запрос_План	ID_СудоходнаяЛиния	dbo	Контрагент	ID	FK_Запрос_План_Контрагент7
dbo	Запрос_План	ID_ТаможенноеУправление	dbo	Таможенные_управления	ID	FK_Запрос_План_Таможенные_управления
dbo	Запрос_План	ID_Таможня	dbo	Место_обработки_грузов	ID	FK_Запрос_План_Место_обработки_грузов6
dbo	Запрос_План	ID_ТарифноеСоглашение	dbo	ТарифноеСоглашение	ID	FK_Запрос_План_ТарифноеСоглашение
dbo	Запрос_План	ID_Тип_Рейса	dbo	Тип_Рейса	ID	FK_Запрос_План_Тип_Рейса
dbo	Запрос_План	ID_Тип_ТЕ	dbo	Тип_Контейнера	ID	FK_Запрос_План_Тип_Контейнера
dbo	Запрос_План	ID_ТипЗадачи	dbo	Тип_Задачи_По_Запросу	ID	FK_Запрос_План_Тип_Задачи_По_Запросу
dbo	Запрос_План	ID_ТипКонтрагента	dbo	Тип_Контрагента	ID	FK_Запрос_План_Тип_Контрагента
dbo	Запрос_План	ID_ТипМестаНазн	dbo	Тип_места_обработки	ID	FK_Запрос_План_Тип_места_обработки
dbo	Запрос_План	ID_ТипМестаОтпр	dbo	Тип_места_обработки	ID	FK_Запрос_План_Тип_места_обработки1
dbo	Запрос_План	ID_ТипРазнарядки	dbo	Тип_разнарядки	ID	FK_Запрос_План_Тип_разнарядки
dbo	Запрос_План	ID_Уведомить	dbo	Контрагент	ID	FK_Запрос_План_Контрагент4
dbo	Запрос_План	ID_Условие_Оплаты_Фрахта	dbo	Условие_оплаты_фрахта	ID	FK_Запрос_План_Условие_оплаты_фрахта
dbo	Запрос_План	ID_Факт_Поставщик	dbo	Контрагент	ID	FK_Запрос_План_Контрагент11
dbo	Запрос_План_Грузы	ID_Груз	dbo	Контейнер	ID	FK_Запрос_План_Грузы_Контейнер
dbo	Запрос_План_Грузы	ID_Разнарядка	dbo	Запрос_План	ID	FK_Запрос_План_Грузы_Запрос_План
dbo	Запрос_План_ДопПоля	ID_Разнарядка	dbo	Запрос_План	ID	FK_Запрос_План_ДопПоля_Запрос_План
dbo	Запрос_План_ЗависимостьСумм	ID_ЗависитОт	dbo	Запрос_План	ID	FK_Запрос_План_ЗависимостьСумм_Запрос_План1
dbo	Запрос_План_ЗависимостьСумм	ID_Разнарядка	dbo	Запрос_План	ID	FK_Запрос_План_ЗависимостьСумм_Запрос_План
dbo	Запрос_План_КатегорииОпераций	ID_Категория	dbo	КатегорииОпераций	ID	FK_Запрос_План_КатегорииОпераций_КатегорииОпераций
dbo	Запрос_План_КатегорииОпераций	ID_Разнарядка	dbo	Запрос_План	ID	FK_Запрос_План_КатегорииОпераций_Запрос_План
dbo	Запрос_План_Наблюдатели	ID_Запрос_План	dbo	Запрос_План	ID	FK_Запрос_План_Наблюдатели_Запрос_План
dbo	Запрос_План_Наблюдатели	ID_Персона	dbo	Персона	ID	FK_Запрос_План_Наблюдатели_Персона
dbo	Запрос_План_Перевозка	ID_Запрос	dbo	Запрос_Клиента	ID	FK_Запрос_План_Перевозка_Запрос_Клиента
dbo	Запрос_План_Перевозка	ID_МестоОбработки	dbo	Место_обработки_грузов	ID	FK_Запрос_План_Перевозка_Место_обработки_грузов
dbo	Запрос_План_Перевозка	ID_НасПункт	dbo	НаселенныйПункт	ID	FK_Запрос_План_Перевозка_НаселенныйПункт
dbo	Запрос_План_Перевозка	ID_Страна	dbo	Страна	ID	FK_Запрос_План_Перевозка_Страна
dbo	Запрос_План_Перевозка	ID_Тип_Рейса	dbo	Тип_Рейса	ID	FK_Запрос_План_Перевозка_Тип_Рейса
dbo	Запрос_План_Расходы	ID_Валюта	dbo	Валюта	KOD	FK_Запрос_План_Расходы_Валюта
dbo	Запрос_План_Расходы	ID_Запрос	dbo	Запрос_Клиента	ID	FK_Запрос_План_Расходы_Запрос_Клиента
dbo	Запрос_План_Расходы	ID_Тип_Выставления	dbo	Тип_Выставления_Услуги	ID	FK_Запрос_План_Расходы_Тип_Выставления_Услуги
dbo	Запрос_План_Расходы	ID_Услуга	dbo	Тип_номенклатурной_единицы	ID	FK_Запрос_План_Расходы_Тип_услуги
dbo	Запрос_План_Связи	ID_Разнарядка	dbo	Запрос_План	ID	FK_Запрос_План_Связи_Запрос_План
dbo	Запрос_План_ТЕ	ID_Вариант	dbo	Запрос_варианты	ID	FK_Запрос_План_ТЕ_Запрос_варианты
dbo	Запрос_План_ТЕ	ID_ВладелецОборудования	dbo	Контрагент	ID	FK_Запрос_План_ТЕ_Контрагент
dbo	Запрос_План_ТЕ	ID_Заказ	dbo	Запрос_Клиента	ID	FK_Запрос_План_ТЕ_Запрос_Клиента
dbo	Запрос_План_ТЕ	ID_Оборудование	dbo	Оборудование	ID	FK_Запрос_План_ТЕ_Оборудование
dbo	Запрос_План_ТЕ	ID_ТипТЕ	dbo	Тип_Контейнера	ID	FK_Запрос_План_ТЕ_Тип_Контейнера
dbo	Запрос_План_Товары	ID_Вал_стоимости	dbo	Валюта	KOD	FK_Запрос_План_Товары_Валюта
dbo	Запрос_План_Товары	ID_Вал_стоимости_Разница	dbo	Валюта	KOD	FK_Запрос_План_Товары_Валюта2
dbo	Запрос_План_Товары	ID_Вал_стоимости_Факт	dbo	Валюта	KOD	FK_Запрос_План_Товары_Валюта1
dbo	Запрос_План_Товары	ID_Груз	dbo	Контейнер	ID	FK_Запрос_План_Товары_Контейнер
dbo	Запрос_План_Товары	ID_ДопТС	dbo	Транспортное_Средство	ID	FK_Запрос_План_Товары_Транспортное_Средство1
dbo	Запрос_План_Товары	ID_ЕИ_Мест	dbo	Единица_Измерения	ID	FK_Запрос_План_Товары_Единица_Измерения
dbo	Запрос_План_Товары	ID_МестоНазначения	dbo	Место_обработки_грузов	ID	FK_Запрос_План_Товары_Место_обработки_грузов
dbo	Запрос_План_Товары	ID_Оборудование	dbo	Оборудование	ID	FK_Запрос_План_Товары_Оборудование
dbo	Запрос_План_Товары	ID_Разнарядка	dbo	Запрос_План	ID	FK_Запрос_План_Товары_Запрос_План
dbo	Запрос_План_Товары	ID_Серия_номенклатуры	dbo	Серия_номенклатуры	ID	FK_Запрос_План_Товары_Серия_номенклатуры
dbo	Запрос_План_Товары	ID_Состав	dbo	СоставКонтейнера	ID	FK_Запрос_План_Товары_СоставКонтейнера
dbo	Запрос_План_Товары	ID_ТЕ	dbo	Запрос_План_ТЕ	ID	FK_Запрос_План_Товары_Запрос_План_ТЕ
dbo	Запрос_План_Товары	ID_ТипДопТС	dbo	Тип_ТС	ID	FK_Запрос_План_Товары_Тип_ТС1
dbo	Запрос_План_Товары	ID_ТипИспользования	dbo	Тип_грузовой_партии	ID	FK_Запрос_План_Товары_Тип_грузовой_партии
dbo	Запрос_План_Товары	ID_ТипПломбы	dbo	Тип_Пломбы	ID	FK_Запрос_План_Товары_Тип_Пломбы
dbo	Запрос_План_Товары	ID_ТипТЕ	dbo	Тип_Контейнера	ID	FK_Запрос_План_Товары_Тип_Контейнера
dbo	Запрос_План_Товары	ID_ТипТС	dbo	Тип_ТС	ID	FK_Запрос_План_Товары_Тип_ТС
dbo	Запрос_План_Товары	ID_Товар	dbo	Товар	ID	FK_Запрос_План_Товары_Товар
dbo	Запрос_План_Товары	ID_ТС	dbo	Транспортное_Средство	ID	FK_Запрос_План_Товары_Транспортное_Средство
dbo	Запрос_План_Товары	ID_ТСД	dbo	Документ	ID	FK_Запрос_План_Товары_Документ
dbo	Запрос_План_Товары	ID_ЦелевойКонт	dbo	Контейнер	ID	FK_Запрос_План_Товары_Контейнер1
dbo	Заявка_Досмотр	ID_Договор	dbo	Документ	ID	FK_Заявка_Досмотр_Документ
dbo	Заявка_Досмотр	ID_Заказчик	dbo	Контрагент	ID	FK_Заявка_Досмотр_Контрагент
dbo	Заявка_Досмотр	ID_Место	dbo	Место_обработки_грузов	ID	FK_Заявка_Досмотр_Место_обработки_грузов
dbo	Заявка_Досмотр	ID_Метод	dbo	Метод_Досмотра	ID	FK_Заявка_Досмотр_Метод_Досмотра
dbo	Заявка_Досмотр	ID_Ответственный	dbo	Персона	ID	FK_Заявка_Досмотр_Персона
dbo	Заявка_Досмотр	ID_Тип_Досмотра	dbo	Тип_Досмотра	ID	FK_Заявка_Досмотр_Тип_Досмотра
dbo	Заявка_Досмотр_Контейнер	ID_Заявка_Досмотр	dbo	Заявка_Досмотр	ID	FK_Заявка_Досмотр_Контейнер_Заявка_Досмотр
dbo	Заявка_Досмотр_Контейнер	ID_Контейнер	dbo	Контейнер	ID	FK_Заявка_Досмотр_Контейнер_Контейнер
dbo	Заявка_По_Грузам	ID_Событие	dbo	Событие_Релиза	ID	FK_Заявка_По_Грузам_Событие_Релиза
dbo	Заявка_По_Грузам	ID_Тип	dbo	Тип_ЗаявкиПоГрузам	ID	FK_Заявка_По_Грузам_Тип_ЗаявкиПоГрузам
dbo	ЗаявкаНаОплату	ID_Валюта	dbo	Валюта	KOD	FK_ЗаявкаНаОплату_Валюта
dbo	ЗаявкаНаОплату	ID_ВидОпл	dbo	Вид_Оплаты	ID	FK_ЗаявкаНаОплату_Вид_Оплаты
dbo	ЗаявкаНаОплату	ID_Договор	dbo	Документ	ID	FK_ЗаявкаНаОплату_Документ
dbo	ЗаявкаНаОплату	ID_Контрагент	dbo	Контрагент	ID	FK_ЗаявкаНаОплату_Контрагент
dbo	ЗаявкаНаОплату	ID_Налог	dbo	Вид_Налога	ID	FK_ЗаявкаНаОплату_Вид_Налога
dbo	ЗаявкаНаОплату	ID_ОтметкаРуководителя	dbo	ОтметкаРуководителя	ID	FK_ЗаявкаНаОплату_ОтметкаРуководителя
dbo	ЗаявкаНаОплату	ID_Персона	dbo	Персона	ID	FK_ЗаявкаНаОплату_Персона
dbo	ЗаявкаНаОплату	ID_ПерсонаУтвердил	dbo	Персона	ID	FK_ЗаявкаНаОплату_Персона1
dbo	ЗаявкаНаОплату	ID_Плательщик	dbo	Контрагент	ID	FK_ЗаявкаНаОплату_Контрагент2
dbo	ЗаявкаНаОплату	ID_Получатель	dbo	Контрагент	ID	FK_ЗаявкаНаОплату_Контрагент3
dbo	ЗаявкаНаОплату	ID_Приоритет	dbo	Приоритет_Оплаты	ID	FK_ЗаявкаНаОплату_Приоритет_Оплаты
dbo	ЗаявкаНаОплату	ID_РС_Плательщика	dbo	РасчетныйСчет	ID	FK_ЗаявкаНаОплату_РасчетныйСчет
dbo	ЗаявкаНаОплату	ID_РС_Получателя	dbo	РасчетныйСчет	ID	FK_ЗаявкаНаОплату_РасчетныйСчет1
dbo	ЗаявкаНаОплату	ID_СвояФирма	dbo	Контрагент	ID	FK_ЗаявкаНаОплату_Контрагент1
dbo	ЗаявкаНаОплату	ID_Статус	dbo	Статус_исполнения_документа	ID	FK_ЗаявкаНаОплату_Статус_исполнения_документа
dbo	ЗаявкаНаОплату	Признак1С	dbo	Признак_Выгрузки_1С	ID	FK_ЗаявкаНаОплату_Признак_Выгрузки_1С
dbo	ЗаявкаНаОплату_Расчет	ID_ЗаявкаНаОплату	dbo	ЗаявкаНаОплату	ID	FK_ЗаявкаНаОпталу_Расчет_ЗаявкаНаОплату
dbo	ЗаявкаНаОплату_Расчет	ID_Расчет	dbo	Контейнер_Расчет	ID	FK_ЗаявкаНаОпталу_Расчет_Контейнер_Расчет
dbo	ЗаявкаНаПеревозку	CurEditUserID	dbo	Персона	ID	FK_ЗаявкаНаПеревозку_Персона4
dbo	ЗаявкаНаПеревозку	CurUserID	dbo	Персона	ID	FK_ЗаявкаНаПеревозку_Персона3
dbo	ЗаявкаНаПеревозку	ID_АдресНазн	dbo	Адрес	ID	FK_ЗаявкаНаПеревозку_Адрес1
dbo	ЗаявкаНаПеревозку	ID_АдресОтпр	dbo	Адрес	ID	FK_ЗаявкаНаПеревозку_Адрес
dbo	ЗаявкаНаПеревозку	ID_ВидЗагрузки	dbo	Вид_Загрузки	ID	FK_ЗаявкаНаПеревозку_Вид_Загрузки
dbo	ЗаявкаНаПеревозку	ID_Водитель	dbo	Персона	ID	FK_ЗаявкаНаПеревозку_Персона6
dbo	ЗаявкаНаПеревозку	ID_ДоговорСПеревозчиком	dbo	Документ	ID	FK_ЗаявкаНаПеревозку_Документ
dbo	ЗаявкаНаПеревозку	ID_ДопТС	dbo	Транспортное_Средство	ID	FK_ЗаявкаНаПеревозку_Транспортное_Средство1
dbo	ЗаявкаНаПеревозку	ID_КомуСдать	dbo	Контрагент	ID	FK_ЗаявкаНаПеревозку_Контрагент2
dbo	ЗаявкаНаПеревозку	ID_КонтактМенеджер	dbo	Персона_Средство_Связи	ID	FK_ЗаявкаНаПеревозку_Персона_Средство_Связи2
dbo	ЗаявкаНаПеревозку	ID_КонтактНазн	dbo	Персона_Средство_Связи	ID	FK_ЗаявкаНаПеревозку_Персона_Средство_Связи1
dbo	ЗаявкаНаПеревозку	ID_КонтактОтпр	dbo	Персона_Средство_Связи	ID	FK_ЗаявкаНаПеревозку_Персона_Средство_Связи
dbo	ЗаявкаНаПеревозку	ID_КонтактПеревозчика	dbo	Персона	ID	FK_ЗаявкаНаПеревозку_Персона5
dbo	ЗаявкаНаПеревозку	ID_Маршрут	dbo	Маршрут	ID	FK_ЗаявкаНаПеревозку_Маршрут
dbo	ЗаявкаНаПеревозку	ID_Менеджер	dbo	Персона	ID	FK_ЗаявкаНаПеревозку_Персона2
dbo	ЗаявкаНаПеревозку	ID_Место_Затаможки	dbo	Место_обработки_грузов	ID	FK_ЗаявкаНаПеревозку_Место_обработки_грузов3
dbo	ЗаявкаНаПеревозку	ID_Место_Растаможки	dbo	Место_обработки_грузов	ID	FK_ЗаявкаНаПеревозку_Место_обработки_грузов4
dbo	ЗаявкаНаПеревозку	ID_МестоНазн	dbo	Место_обработки_грузов	ID	FK_ЗаявкаНаПеревозку_Место_обработки_грузов1
dbo	ЗаявкаНаПеревозку	ID_МестоОтпр	dbo	Место_обработки_грузов	ID	FK_ЗаявкаНаПеревозку_Место_обработки_грузов
dbo	ЗаявкаНаПеревозку	ID_МестоСдачи	dbo	Место_обработки_грузов	ID	FK_ЗаявкаНаПеревозку_Место_обработки_грузов2
dbo	ЗаявкаНаПеревозку	ID_НасПунктНазн	dbo	НаселенныйПункт	ID	FK_ЗаявкаНаПеревозку_НаселенныйПункт1
dbo	ЗаявкаНаПеревозку	ID_НасПунктОтпр	dbo	НаселенныйПункт	ID	FK_ЗаявкаНаПеревозку_НаселенныйПункт
dbo	ЗаявкаНаПеревозку	ID_ОсновноеТС	dbo	Транспортное_Средство	ID	FK_ЗаявкаНаПеревозку_Транспортное_Средство
dbo	ЗаявкаНаПеревозку	ID_Отправитель	dbo	Контрагент	ID	FK_ЗаявкаНаПеревозку_Контрагент3
dbo	ЗаявкаНаПеревозку	ID_Перевозчик	dbo	Контрагент	ID	FK_ЗаявкаНаПеревозку_Контрагент
dbo	ЗаявкаНаПеревозку	ID_ПерсонаНазн	dbo	Персона	ID	FK_ЗаявкаНаПеревозку_Персона1
dbo	ЗаявкаНаПеревозку	ID_ПерсонаОтпр	dbo	Персона	ID	FK_ЗаявкаНаПеревозку_Персона
dbo	ЗаявкаНаПеревозку	ID_ПодтипРейса	dbo	Подтип_Рейса	ID	FK_ЗаявкаНаПеревозку_Подтип_Рейса
dbo	ЗаявкаНаПеревозку	ID_Получатель	dbo	Контрагент	ID	FK_ЗаявкаНаПеревозку_Контрагент4
dbo	ЗаявкаНаПеревозку	ID_СвояФирма	dbo	Контрагент	ID	FK_ЗаявкаНаПеревозку_Контрагент1
dbo	ЗаявкаНаПеревозку	ID_СредствоСвязи_Водитель	dbo	Персона_Средство_Связи	ID	FK_ЗаявкаНаПеревозку_Персона_Средство_Связи3
dbo	ЗаявкаНаПеревозку	ID_Статус	dbo	Статус_исполнения_документа	ID	FK_ЗаявкаНаПеревозку_Статус_исполнения_документа
dbo	ЗаявкаНаПеревозку	ID_СтраховкаПеревозчика	dbo	Документ	ID	FK_ЗаявкаНаПеревозку_Документ1
dbo	ЗаявкаНаПеревозку	ID_ТипКонтейнера	dbo	Тип_Контейнера	ID	FK_ЗаявкаНаПеревозку_Тип_Контейнера
dbo	ЗаявкаНаПеревозку	ID_ТипРейса	dbo	Тип_Рейса	ID	FK_ЗаявкаНаПеревозку_Тип_Рейса
dbo	ЗаявкаНаПеревозку	Признак1С	dbo	Признак_Выгрузки_1С	ID	FK_ЗаявкаНаПеревозку_Признак_Выгрузки_1С
dbo	ЗаявкаНаПеревозку_Контакты	ID_Заявки	dbo	ЗаявкаНаПеревозку	ID	FK_ЗаявкаНаПеревозку_Контакты_ЗаявкаНаПеревозку
dbo	ЗаявкаНаПеревозку_Контакты	ID_Контакт	dbo	Персона	ID	FK_ЗаявкаНаПеревозку_Контакты_Персона
dbo	ЗаявкаНаПеревозку_Расчет	ID_ЗаявкаНаПеревозку	dbo	ЗаявкаНаПеревозку	ID	FK_ЗаявкаНаПеревозку_Расчет_ЗаявкаНаПеревозку
dbo	ЗаявкаНаПеревозку_Расчет	ID_Расчет	dbo	Контейнер_Расчет	ID	FK_ЗаявкаНаПеревозку_Расчет_Контейнер_Расчет
dbo	ЗаявкаНаПеревозку_Рейс	ID_Заявка	dbo	ЗаявкаНаПеревозку	ID	FK_ЗаявкаНаПеревозку_Рейс_ЗаявкаНаПеревозку
dbo	ЗаявкаНаПеревозку_Рейс	ID_КонтИзЗаявкиНаПеревозку	dbo	Контейнер	ID	FK_ЗаявкаНаПеревозку_Рейс_Контейнер
dbo	ЗаявкаНаПеревозку_Рейс	ID_Рейс	dbo	Рейс	ID	FK_ЗаявкаНаПеревозку_Рейс_Рейс
dbo	ЗаявкаНаСтрахование	ID_Валюта	dbo	Валюта	KOD	FK_ЗаявкаНаСтрахование_Валюта
dbo	ЗаявкаНаСтрахование	ID_ВидОплаты	dbo	Вид_Оплаты	ID	FK_ЗаявкаНаСтрахование_Вид_Оплаты
dbo	ЗаявкаНаСтрахование	ID_Статус	dbo	Статус_исполнения_документа	ID	FK_ЗаявкаНаСтрахование_Статус_исполнения_документа
dbo	ЗаявкаНаСтрахование	ID_Страховщик	dbo	Контрагент	ID	FK_ЗаявкаНаСтрахование_Контрагент
dbo	ЗаявкаНаСтрахование_Контейнер	ID_Груз	dbo	Контейнер	ID	FK_ЗаявкаНаСтрахование_Контейнер_Контейнер
dbo	ЗаявкаНаСтрахование_Контейнер	ID_Заявки	dbo	ЗаявкаНаСтрахование	ID	FK_ЗаявкаНаСтрахование_Контейнер_ЗаявкаНаСтрахование
dbo	ЗаявкаНаСтрахование_Контейнер	ID_НасПунктОтпр	dbo	НаселенныйПункт	ID	FK_ЗаявкаНаСтрахование_Контейнер_НаселенныйПункт
dbo	ЗаявкаНаСтрахование_Контейнер	ID_НасПунктПриб	dbo	НаселенныйПункт	ID	FK_ЗаявкаНаСтрахование_Контейнер_НаселенныйПункт1
dbo	ЗаявкаПЛП	ID_Заявитель	dbo	Контрагент	ID	FK_ЗаявкаПЛП_Контрагент
dbo	ЗаявкаПЛП_Контейнер	ID_Заявка	dbo	ЗаявкаПЛП	ID	FK_ЗаявкаПЛП_Контейнер_ЗаявкаПЛП
dbo	ЗаявкаПЛП_Контейнер	ID_Контейнер	dbo	Контейнер	ID	FK_ЗаявкаПЛП_Контейнер_Контейнер
dbo	ЗаявлениеОВыпускеДТ	ID_ДТ	dbo	Декларация	ID	FK_ЗаявлениеОВыпускеДТ_Декларация
dbo	Импорт_Конфигурация	ID_Объект	dbo	Объект	ID	FK_Импорт_Конфигурация_Объект
dbo	Импорт_Конфигурация_Параметры	ID_Конфигурация	dbo	Импорт_Конфигурация	ID	FK_Импорт_Конфигурация_Параметры_Импорт_Конфигурация
dbo	Импорт_Конфигурация_Параметры	ID_Тип	dbo	UserFieldType	ID	FK_Импорт_Конфигурация_Параметры_UserFieldType
dbo	Импорт_Конфигурация_Сопост	ID_Конфигурация	dbo	Импорт_Конфигурация	ID	FK_Импорт_Сопост_Импорт_Конфигурация
dbo	Импорт_Лог	ID_Импорт	dbo	Импорт_Конфигурация	ID	FK_Импорт_Лог_Импорт_Конфигурация
dbo	Импорт_Лог	ID_Файл	dbo	Импорт_Файл	ID	FK_Импорт_Лог_Импорт_Файл
dbo	Импорт_Схема	ID_Конфигурация	dbo	Импорт_Конфигурация	ID	FK_Импорт_Схема_Импорт_Конфигурация
dbo	Импорт_Схема_Сопост	ID_ДопПоле	dbo	UserField	ID	FK_Импорт_Схема_Сопост_UserField
dbo	Импорт_Схема_Сопост	ID_Поле_Таблица	dbo	Импорт_Конфигурация_Сопост	ID	FK_Импорт_Схема_Сопост_Импорт_Конфигурация_Сопост
dbo	Импорт_Схема_Сопост	ID_Схема	dbo	Импорт_Схема	ID	FK_Импорт_Схема_Сопост_Импорт_Схема
dbo	Импорт_Схема_Шапка	ID_Поле_Таблица	dbo	Импорт_Конфигурация_Сопост	ID	FK_Импорт_Схема_Шапка_Импорт_Конфигурация_Сопоставление
dbo	Импорт_Схема_Шапка	ID_Схема	dbo	Импорт_Схема	ID	FK_Импорт_Схема_Шапка_Импорт_Схема
dbo	Инвойс	ID_ВалИнвойса	dbo	Валюта	KOD	FK_Инвойс_Валюта
dbo	Инвойс	ID_ВалКонтракта	dbo	Валюта	KOD	FK_Инвойс_Валюта1
dbo	Инвойс	ID_Клиент	dbo	Контрагент	ID	FK_Инвойс_Контрагент1
dbo	Инвойс	ID_Контракт	dbo	Документ	ID	FK_Инвойс_Документ
dbo	Инвойс	ID_Поставщик	dbo	Контрагент	ID	FK_Инвойс_Контрагент
dbo	Инвойс	ID_РежимДТ	dbo	РежимДТ	ID	FK_Инвойс_РежимДТ
dbo	Инвойс	ID_СкладПолучателя	dbo	Место_обработки_грузов	ID	FK_Инвойс_Место_обработки_грузов
dbo	Инвойс	ID_Таможенные_управления	dbo	Таможенные_управления	ID	FK_Инвойс_Таможенные_управления
dbo	Инвойс	ID_ТипИнвойса	dbo	Тип_Инвойса	ID	FK_Инвойс_Тип_Инвойса
dbo	Инвойс_ГТД	ID_ГТД	dbo	Декларация	ID	FK_Инвойс_ГТД_Декларация
dbo	Инвойс_ГТД	ID_Инвойс	dbo	Инвойс	ID	FK_Инвойс_ГТД_Инвойс
dbo	Категория_Платежа	ID_СчетДебет	dbo	ПланыСчетовУчета	ID	FK_Категория_Платежа_ПланыСчетовУчета
dbo	Категория_Платежа	ID_СчетКредит	dbo	ПланыСчетовУчета	ID	FK_Категория_Платежа_ПланыСчетовУчета1
dbo	Категория_счета	ID_СчетДебет	dbo	ПланыСчетовУчета	ID	FK_Категория_счета_ПланыСчетовУчета
dbo	Категория_счета	ID_СчетКредит	dbo	ПланыСчетовУчета	ID	FK_Категория_счета_ПланыСчетовУчета1
dbo	КвотыНаПеревозки	ID_ВидОбъема	dbo	Вид_Объема_Квот	ID	FK_КвотыНаПеревозки_Вид_Объема_Квот
dbo	КвотыНаПеревозки	ID_КодРазнарядки	dbo	Коды_операций	ID	FK_КвотыНаПеревозки_Коды_операций
dbo	КвотыНаПеревозки	ID_Контрагент	dbo	Контрагент	ID	FK_КвотыНаПеревозки_Контрагент
dbo	КвотыНаПеревозки	ID_Место	dbo	Место_обработки_грузов	ID	FK_КвотыНаПеревозки_Место_обработки_грузов
dbo	КвотыНаПеревозки	ID_ПунктНазн	dbo	НаселенныйПункт	ID	FK_КвотыНаПеревозки_НаселенныйПункт
dbo	КвотыНаПеревозки	ID_ПунктОтпр	dbo	НаселенныйПункт	ID	FK_КвотыНаПеревозки_НаселенныйПункт1
dbo	КвотыНаПеревозки	ID_Страна	dbo	Страна	ID	FK_КвотыНаПеревозки_Страна
dbo	КвотыНаПеревозки	ID_ТипКА	dbo	Тип_Контрагента	ID	FK_КвотыНаПеревозки_Тип_Контрагента
dbo	Код_Инкотермс	ID_ТипРейса	dbo	Тип_Рейса	ID	FK_Код_Инкотермс_Тип_Рейса
dbo	КодирующаяОрганизация	ID_Организация	dbo	Контрагент	ID	FK_КодирующаяОрганизация_Контрагент
dbo	Конверсия	ID_Договор	dbo	Документ	ID	FK_Конверсия_Документ
dbo	Конверсия	ID_ПлатежВх	dbo	Платеж	ID	FK_Конверсия_Платеж
dbo	Конверсия	ID_ПлатежИсх	dbo	Платеж	ID	FK_Конверсия_Платеж1
dbo	Конверсия	ID_ПлательщикВал	dbo	Контрагент	ID	FK_Конверсия_Контрагент
dbo	Конверсия	ID_ПлательщикРуб	dbo	Контрагент	ID	FK_Конверсия_Контрагент1
dbo	Конверсия	ID_ПолучательВал	dbo	Контрагент	ID	FK_Конверсия_Контрагент2
dbo	Конверсия	ID_ПолучательРуб	dbo	Контрагент	ID	FK_Конверсия_Контрагент3
dbo	Конверсия	ID_Статус	dbo	Статус_Конверсии	ID	FK_Конверсия_Статус_Конверсии
dbo	Конверсия	ID_СчетВх	dbo	Счет	ID	FK_Конверсия_Счет
dbo	Конверсия	ID_СчетИсх	dbo	Счет	ID	FK_Конверсия_Счет1
dbo	Конверсия	KOD_Вал	dbo	Валюта	KOD	FK_Конверсия_Валюта
dbo	Коносамент	ID_АгентОк	dbo	Контрагент	ID	FK_Коносамент_Контрагент1
dbo	Коносамент	ID_АгентФид	dbo	Контрагент	ID	FK_Коносамент_Контрагент
dbo	Коносамент	ID_ВидЗагрузки	dbo	Вид_Загрузки	ID	FK_Коносамент_Вид_Загрузки
dbo	Коносамент	ID_ДоговорЛиния	dbo	Документ	ID	FK_Коносамент_Документ
dbo	Коносамент	ID_ДоговорПорт	dbo	Документ	ID	FK_Коносамент_Документ1
dbo	Коносамент	ID_Документ	dbo	Документ_Коносамента	ID	FK_Коносамент_Документ_Коносамента
dbo	Коносамент	ID_КлиенПоКС	dbo	Контрагент	ID	FK_Коносамент_Контрагент7
dbo	Коносамент	ID_КлиентПоКС	dbo	Контрагент	ID	FK_Коносамент_Контрагент3
dbo	Коносамент	ID_НасПунктПогрузки	dbo	НаселенныйПункт	ID	FK_Коносамент_НаселенныйПункт2
dbo	Коносамент	ID_НасПунктПрибытия	dbo	НаселенныйПункт	ID	FK_Коносамент_НаселенныйПункт1
dbo	Коносамент	ID_НасПунктФид	dbo	НаселенныйПункт	ID	FK_Коносамент_НаселенныйПункт
dbo	Коносамент	ID_ОкСудно	dbo	Транспортное_Средство	ID	FK_Коносамент_Транспортное_Средство
dbo	Коносамент	ID_Отправитель	dbo	Контрагент	ID	FK_Коносамент_Контрагент6
dbo	Коносамент	ID_Переход	dbo	Переход	ID	FK_Коносамент_Переход
dbo	Коносамент	ID_Статус	dbo	Статус_исполнения_документа	ID	FK_Коносамент_Статус_исполнения_документа
dbo	Коносамент	ID_ТерминалПогрузки	dbo	Место_обработки_грузов	ID	FK_Коносамент_Место_обработки_грузов1
dbo	Коносамент	ID_ТерминалПрибытия	dbo	Место_обработки_грузов	ID	FK_Коносамент_Место_обработки_грузов
dbo	Коносамент	ID_ТерминалФид	dbo	Место_обработки_грузов	ID	FK_Коносамент_Место_обработки_грузов2
dbo	Коносамент	ID_Тип_Прих_Док	dbo	Тип_Прих_Док	ID	FK_Коносамент_Тип_Прих_Док
dbo	Коносамент	ID_УведомитьКонтрагента	dbo	Контрагент	ID	FK_Коносамент_Контрагент_УведомитьКонтрагента
dbo	Коносамент	ID_УсловиеДоставки	dbo	Условие_Доставки	ID	FK_Коносамент_Условие_Доставки
dbo	Коносамент	ID_ФидСудно	dbo	Транспортное_Средство	ID	FK_Коносамент_Транспортное_Средство1
dbo	Коносамент	ID_Экспедитор	dbo	Контрагент	ID	FK_Коносамент_Контрагент2
dbo	Коносамент	ID_ЭкспедиторПогрузка	dbo	Контрагент	ID	FK_Коносамент_Контрагент5
dbo	Коносамент	ID_ЭкспедиторПрибытие	dbo	Контрагент	ID	FK_Коносамент_Контрагент4
dbo	Коносамент_Груз	ID_Груз	dbo	Контейнер	ID	FK_Коносамент_Груз_Контейнер
dbo	Коносамент_Груз	ID_Коносамент	dbo	Коносамент	ID	FK_Коносамент_Груз_Коносамент
dbo	Коносамент_Рейс	ID_Коносамент	dbo	Коносамент	ID	FK_Коносамент_Рейс_Коносамент
dbo	Коносамент_Рейс	ID_ПодТипОригинал	dbo	Подтип_Рейса	ID	FK_Коносамент_Рейс_Подтип_Рейса
dbo	Коносамент_Рейс	ID_Рейс	dbo	Рейс	ID	FK_Коносамент_Рейс_Рейс
dbo	Конт_ГТД_Документ	ID_ГТД	dbo	Декларация	ID	FK_Конт_ГТД_Документ_Декларация
dbo	Конт_ГТД_Документ	ID_Конт	dbo	Контейнер	ID	FK_Конт_ГТД_Документ_Контейнер
dbo	Контейнер	CurEditUserID	dbo	Персона	ID	FK_Контейнер_Персона1
dbo	Контейнер	CurUserID	dbo	Персона	ID	FK_Контейнер_Персона
dbo	Контейнер	EQUIPMENT_SUPPLIER_CODE	dbo	EDI_EQUIPMENT_SUPPLIER_CODE	ID	FK_Контейнер_EDI_EQUIPMENT_SUPPLIER_CODE
dbo	Контейнер	FULL_OR_EMPTY_INDICATOR_CODE	dbo	EDI_FULL_OR_EMPTY_INDICATOR_CODE	ID	FK_Контейнер_EDI_FULL_OR_EMPTY_INDICATOR_CODE
dbo	Контейнер	ID_UN	dbo	UN_Number	ID	FK_Контейнер_UN_Number
dbo	Контейнер	ID_Адрес_Назначения	dbo	Адрес	ID	FK_Контейнер_Адрес4
dbo	Контейнер	ID_Адрес_Отправления	dbo	Адрес	ID	FK_Контейнер_Адрес3
dbo	Контейнер	ID_АдресЗатарки	dbo	Адрес	ID	FK_Контейнер_Адрес2
dbo	Контейнер	ID_АдресПерегрузки	dbo	Адрес	ID	FK_Контейнер_Адрес5
dbo	Контейнер	ID_АдресПеретарки	dbo	Адрес	ID	FK_Контейнер_Адрес
dbo	Контейнер	ID_Брокер	dbo	Контрагент	ID	FK_Контейнер_Контрагент12
dbo	Контейнер	ID_ВалСтоимостьТары	dbo	Валюта	KOD	FK_Контейнер_Валюта4
dbo	Контейнер	ID_ВалютаСтоимости	dbo	Валюта	KOD	FK_Контейнер_Валюта
dbo	Контейнер	ID_ВалютаТамСтоимости	dbo	Валюта	KOD	FK_Контейнер_Валюта5
dbo	Контейнер	ID_ВидГруза	dbo	НаименованиеГруза	ID	FK_Контейнер_НаименованиеГруза
dbo	Контейнер	ID_ВидГрузаТамож	dbo	Вид_Груза_Тамож	ID	FK_Контейнер_Вид_Груза_Тамож
dbo	Контейнер	ID_ВидДоставки	dbo	ВидДоставки	ID	FK_Контейнер_ВидДоставки
dbo	Контейнер	ID_Владелец	dbo	Контрагент	ID	FK_Контейнер_Контрагент3
dbo	Контейнер	ID_Грузоотправитель	dbo	Контрагент	ID	FK_Контейнер_Контрагент6
dbo	Контейнер	ID_Грузополучатель	dbo	Контрагент	ID	FK_Контейнер_Контрагент7
dbo	Контейнер	ID_ДЕИ	dbo	Единица_Измерения	ID	FK_Контейнер_Единица_Измерения
dbo	Контейнер	ID_КлассОпасности	dbo	КлассОпасностиГруза	ID	FK_Контейнер_КлассОпасностиГруза
dbo	Контейнер	ID_КлиентНоминальный	dbo	Контрагент	ID	FK_Контейнер_Контрагент11
dbo	Контейнер	ID_КлиентНоминальный	dbo	Контрагент	ID	FK_Контейнер_Контрагент8
dbo	Контейнер	ID_КлиентФактКонт	dbo	Контрагент	ID	FK_Контейнер_Контрагент2
dbo	Контейнер	ID_КодТНВЭД	dbo	КодТНВЭД	ID	FK_Контейнер_КодТНВЭД
dbo	Контейнер	ID_Контейнера	dbo	Контейнер	ID	FK_Контейнер_Контейнер
dbo	Контейнер	ID_Контракт_Отправитель_Поставщик	dbo	Документ	ID	FK_Контейнер_Документ
dbo	Контейнер	ID_Контракт_Поставщик_Получатель	dbo	Документ	ID	FK_Контейнер_Документ1
dbo	Контейнер	ID_КонтрактОтправительПолучатель	dbo	Документ	ID	FK_Контейнер_Документ2
dbo	Контейнер	ID_Куратор	dbo	Персона	ID	FK_Контейнер_Персона2
dbo	Контейнер	ID_МаршрутПеретарки	dbo	Маршрут	ID	FK_Контейнер_Маршрут1
dbo	Контейнер	ID_Место_Назначения	dbo	Место_обработки_грузов	ID	FK_Контейнер_Место_обработки_грузов6
dbo	Контейнер	ID_Место_Отправления	dbo	Место_обработки_грузов	ID	FK_Контейнер_Место_обработки_грузов5
dbo	Контейнер	ID_МестоВозврата	dbo	Место_обработки_грузов	ID	FK_Контейнер_Место_обработки_грузов
dbo	Контейнер	ID_МестоЗатарки	dbo	Место_обработки_грузов	ID	FK_Контейнер_Место_обработки_грузов1
dbo	Контейнер	ID_МестоПерегрузки	dbo	Место_обработки_грузов	ID	FK_Контейнер_Место_обработки_грузов7
dbo	Контейнер	ID_МестоПеретарки	dbo	Место_обработки_грузов	ID	FK_Контейнер_Место_обработки_грузов2
dbo	Контейнер	ID_МестоПереходаПрав	dbo	НаселенныйПункт	ID	FK_Контейнер_НаселенныйПункт6
dbo	Контейнер	ID_НасПункт_Куда	dbo	НаселенныйПункт	ID	FK_Контейнер_НаселенныйПункт4
dbo	Контейнер	ID_НасПункт_Откуда	dbo	НаселенныйПункт	ID	FK_Контейнер_НаселенныйПункт2
dbo	Контейнер	ID_Оборудование	dbo	Оборудование	ID	FK_Контейнер_Оборудование
dbo	Контейнер	ID_ПервичныйГруз	dbo	Контейнер	ID	FK_Контейнер_Контейнер1
dbo	Контейнер	ID_Перевозчик	dbo	Контрагент	ID	FK_Контейнер_Контрагент4
dbo	Контейнер	ID_ПеревозчикПеретарки	dbo	Контрагент	ID	FK_Контейнер_Контрагент5
dbo	Контейнер	ID_ПериодДоставки	dbo	Период_доставки	ID	FK_Контейнер_Период_доставки
dbo	Контейнер	ID_План_АдресНазн	dbo	Адрес	ID	FK_Контейнер_Адрес1
dbo	Контейнер	ID_План_Маршрут	dbo	Маршрут	ID	FK_Контейнер_Маршрут
dbo	Контейнер	ID_План_Место_Сдачи	dbo	Место_обработки_грузов	ID	FK_Контейнер_Место_обработки_грузов3
dbo	Контейнер	ID_План_МестоНазн	dbo	Место_обработки_грузов	ID	FK_Контейнер_Место_обработки_грузов4
dbo	Контейнер	ID_План_НасПунктНазн	dbo	НаселенныйПункт	ID	FK_Контейнер_НаселенныйПункт3
dbo	Контейнер	ID_ПоследнийРейс	dbo	Рейс	ID	FK_Контейнер_Рейс
dbo	Контейнер	ID_ПоследнийРелиз	dbo	Релиз	ID	FK_Контейнер_Релиз
dbo	Контейнер	ID_Поставщик	dbo	Контрагент	ID	FK_Контейнер_Контрагент1
dbo	Контейнер	ID_Принадлежность	dbo	Принадлежность_оборудования	ID	FK_Контейнер_Принадлежность_оборудования
dbo	Контейнер	ID_Производитель	dbo	Контрагент	ID	FK_Контейнер_Контрагент
dbo	Контейнер	ID_ПунктЗатарки	dbo	НаселенныйПункт	ID	FK_Контейнер_НаселенныйПункт
dbo	Контейнер	ID_ПунктПерегрузки	dbo	НаселенныйПункт	ID	FK_Контейнер_НаселенныйПункт5
dbo	Контейнер	ID_ПунктПеретарки	dbo	НаселенныйПункт	ID	FK_Контейнер_НаселенныйПункт1
dbo	Контейнер	ID_Разница_Вал	dbo	Валюта	KOD	FK_Контейнер_Валюта3
dbo	Контейнер	ID_Статус	dbo	Статус_Запроса	ID	FK_Контейнер_Статус_исполнения_документа
dbo	Контейнер	ID_СтатусРелиза	dbo	СтатусРелиза	ID	FK_Контейнер_СтатусРелиза
dbo	Контейнер	ID_Страна_производитель	dbo	Страна	ID	FK_Контейнер_Страна
dbo	Контейнер	ID_Тип1	dbo	Тип_Контейнера	ID	FK_Контейнер_Тип_Контейнера1
dbo	Контейнер	ID_ТипГруза	dbo	Тип_Груза	ID	FK_Контейнер_Тип_Груза
dbo	Контейнер	ID_ТипГрузовойПартии	dbo	Тип_грузовой_партии	ID	FK_Контейнер_Тип_грузовой_партии
dbo	Контейнер	ID_ТипКонтейнера	dbo	Тип_Контейнера	ID	FK_Контейнер_Тип_Контейнера
dbo	Контейнер	ID_ТипПломбы	dbo	Тип_Пломбы	ID	FK_Контейнер_Тип_Пломбы
dbo	Контейнер	ID_ТипУпаковки	dbo	Тип_Упаковки_контейнера	ID	FK_Контейнер_Тип_Упаковки_контейнера
dbo	Контейнер	ID_УсловиеПоставки	dbo	Условие_Доставки	ID	FK_Контейнер_Условие_Доставки
dbo	Контейнер	Валюта1	dbo	Валюта	KOD	FK_Контейнер_Валюта1
dbo	Контейнер	УП_ID_Груз	dbo	НаименованиеГруза	ID	FK_Контейнер_НаименованиеГруза1
dbo	Контейнер	УП_Валюта	dbo	Валюта	KOD	FK_Контейнер_Валюта2
dbo	Контейнер_документ	ID_Документ	dbo	Документ	ID	FK_Контейнер_документ_Документ
dbo	Контейнер_документ	ID_Контейнер	dbo	Контейнер	ID	FK_Контейнер_документ_Контейнер
dbo	Контейнер_Доп_Услуги	ID_Валюта	dbo	Валюта	KOD	FK_Контейнер_Доп_Услуги_Валюта
dbo	Контейнер_Доп_Услуги	ID_Контейнер	dbo	Контейнер	ID	FK_Контейнер_Доп_Услуги_Контейнер
dbo	Контейнер_Доп_Услуги	ID_ТипУслуги	dbo	Тип_номенклатурной_единицы	ID	FK_Контейнер_Доп_Услуги_Тип_услуги
dbo	Контейнер_ДопПоля	ID_Груз	dbo	Контейнер	ID	FK_Контейнер_ДопПоля_Контейнер
dbo	Контейнер_ДопПоля	ID_Разнарядка	dbo	Запрос_План	ID	FK_Контейнер_ДопПоля_Запрос_План
dbo	Контейнер_ДопПоля_Статус	ID_Груз	dbo	Контейнер	ID	FK_Контейнер_ДопПоля_Статус_Контейнер
dbo	Контейнер_ДопПоля_Статус	ID_Перемещение	dbo	Перемещение	ID	FK_Контейнер_ДопПоля_Статус_Перемещение
dbo	Контейнер_Досмотр	ID_Заявка	dbo	Заявка_Досмотр	ID	FK_Контейнер_Досмотр_Заявка_Досмотр
dbo	Контейнер_Досмотр	ID_Контейнер	dbo	Контейнер	ID	FK_Контейнер_Досмотр_Контейнер
dbo	Контейнер_Досмотр	ID_Место	dbo	Место_обработки_грузов	ID	FK_Контейнер_Досмотр_Место_обработки_грузов
dbo	Контейнер_Досмотр	ID_Ответственный	dbo	Персона	ID	FK_Контейнер_Досмотр_Персона
dbo	Контейнер_Досмотр	ID_Сервейер	dbo	Контрагент	ID	FK_Контейнер_Досмотр_Контрагент
dbo	Контейнер_Досмотр	ID_Спецтехника	dbo	Спецтехника	ID	FK_Контейнер_Досмотр_Спецтехника
dbo	Контейнер_Досмотр	ID_ТипДосмотра	dbo	Тип_Досмотра	ID	FK_Контейнер_Досмотр_Тип_Досмотра
dbo	Контейнер_ЗаявкаНаПеревозку	ID	dbo	Контейнер_ЗаявкаНаПеревозку	ID	FK_Контейнер_ЗаявкаНаПеревозку_Контейнер_ЗаявкаНаПеревозку1
dbo	Контейнер_ЗаявкаНаПеревозку	ID	dbo	Контейнер_ЗаявкаНаПеревозку	ID	FK_Контейнер_ЗаявкаНаПеревозку_Контейнер_ЗаявкаНаПеревозку
dbo	Контейнер_ЗаявкаНаПеревозку	ID_Вал_Сопровождение	dbo	Валюта	KOD	FK_Контейнер_ЗаявкаНаПеревозку_Валюта2
dbo	Контейнер_ЗаявкаНаПеревозку	ID_Валюта	dbo	Валюта	KOD	FK_Контейнер_ЗаявкаНаПеревозку_Валюта
dbo	Контейнер_ЗаявкаНаПеревозку	ID_ВалютаДляКлиента	dbo	Валюта	KOD	FK_Контейнер_ЗаявкаНаПеревозку_Валюта1
dbo	Контейнер_ЗаявкаНаПеревозку	ID_ВидОплаты	dbo	Вид_Оплаты	ID	FK_Контейнер_ЗаявкаНаПеревозку_Вид_Оплаты
dbo	Контейнер_ЗаявкаНаПеревозку	ID_Водитель	dbo	Персона	ID	FK_Контейнер_ЗаявкаНаПеревозку_Персона
dbo	Контейнер_ЗаявкаНаПеревозку	ID_ДепоПорожнего	dbo	Место_обработки_грузов	ID	FK_Контейнер_ЗаявкаНаПеревозку_Место_обработки_грузов
dbo	Контейнер_ЗаявкаНаПеревозку	ID_ДопТС	dbo	Транспортное_Средство	ID	FK_Контейнер_ЗаявкаНаПеревозку_Транспортное_Средство1
dbo	Контейнер_ЗаявкаНаПеревозку	ID_Заявки	dbo	ЗаявкаНаПеревозку	ID	FK_Контейнер_ЗаявкаНаПеревозку_ЗаявкаНаПеревозку
dbo	Контейнер_ЗаявкаНаПеревозку	ID_Конт	dbo	Контейнер	ID	FK_Контейнер_ЗаявкаНаПеревозку_Контейнер
dbo	Контейнер_ЗаявкаНаПеревозку	ID_Контакт	dbo	Персона_Средство_Связи	ID	FK_Контейнер_ЗаявкаНаПеревозку_Персона_Средство_Связи
dbo	Контейнер_ЗаявкаНаПеревозку	ID_Номенклатура	dbo	Тип_номенклатурной_единицы	ID	FK_Контейнер_ЗаявкаНаПеревозку_Тип_номенклатурной_единицы
dbo	Контейнер_ЗаявкаНаПеревозку	ID_Перевозчик	dbo	Контрагент	ID	FK_Контейнер_ЗаявкаНаПеревозку_Контрагент
dbo	Контейнер_ЗаявкаНаПеревозку	ID_Расчет_СтавкаДляКлиента	dbo	Контейнер_Расчет	ID	FK_Контейнер_ЗаявкаНаПеревозку_Контейнер_Расчет
dbo	Контейнер_ЗаявкаНаПеревозку	ID_Расчет_СтавкаПеревозчика	dbo	Контейнер_Расчет	ID	FK_Контейнер_ЗаявкаНаПеревозку_Контейнер_Расчет1
dbo	Контейнер_ЗаявкаНаПеревозку	ID_Расчет_СтавкаСопровождение	dbo	Контейнер_Расчет	ID	FK_Контейнер_ЗаявкаНаПеревозку_Контейнер_Расчет2
dbo	Контейнер_ЗаявкаНаПеревозку	ID_ТС	dbo	Транспортное_Средство	ID	FK_Контейнер_ЗаявкаНаПеревозку_Транспортное_Средство
dbo	Контейнер_ЗаявкаНаПеревозку	ID_ФирмаСопр	dbo	Контрагент	ID	FK_Контейнер_ЗаявкаНаПеревозку_Контрагент1
dbo	Контейнер_ОсобоеУсловие	ID_Контейнер	dbo	Контейнер	ID	FK_Контейнер_ОсобоеУсловие_Контейнер
dbo	Контейнер_ОсобоеУсловие	ID_ОсобоеУсловие	dbo	Свойство_Груза	ID	FK_Контейнер_ОсобоеУсловие_Свойство_Груза
dbo	Контейнер_Расчет	ID_БазВал	dbo	Валюта	KOD	FK_Контейнер_Расчет_Валюта1
dbo	Контейнер_Расчет	ID_Валюта	dbo	Валюта	KOD	FK_Контейнер_Расчет_Валюта
dbo	Контейнер_Расчет	ID_ВидОплаты	dbo	Вид_Оплаты	ID	FK_Контейнер_Расчет_Вид_Оплаты
dbo	Контейнер_Расчет	ID_Груз	dbo	Контейнер	ID	FK_Контейнер_Расчет_Контейнер
dbo	Контейнер_Расчет	ID_Договор	dbo	Документ	ID	FK_Контейнер_Расчет_Документ
dbo	Контейнер_Расчет	ID_ЕдиницаИзмерения	dbo	Единица_Измерения	ID	FK_Контейнер_Расчет_Единица_Измерения
dbo	Контейнер_Расчет	ID_ЕдРасчета	dbo	ЕдиницаРасчета	ID	FK_Контейнер_Расчет_ЕдиницаРасчета
dbo	Контейнер_Расчет	ID_КатегорияСчета	dbo	Категория_счета	ID	FK_Контейнер_Расчет_Категория_счета
dbo	Контейнер_Расчет	ID_Контрагент	dbo	Контрагент	ID	FK_Контейнер_Расчет_Контрагент
dbo	Контейнер_Расчет	ID_Налог	dbo	Вид_Налога	ID	FK_Контейнер_Расчет_Вид_Налога
dbo	Контейнер_Расчет	ID_НомЕдиница	dbo	Тип_номенклатурной_единицы	ID	FK_Контейнер_Расчет_Тип_номенклатурной_единицы
dbo	Контейнер_Расчет	ID_Получатель	dbo	Контрагент	ID	FK_Контейнер_Расчет_Контрагент1
dbo	Контейнер_Расчет	ID_Расход	dbo	Контейнер_Расчет	ID	FK_Контейнер_Расчет_Контейнер_Расчет
dbo	Контейнер_Расчет	ID_СобственнаяФирма	dbo	Контрагент	ID	FK_Контейнер_Расчет_Контрагент2
dbo	Контейнер_Расчет	ID_Тариф	dbo	Тарифы	ID	FK_Контейнер_Расчет_Тарифы
dbo	Контейнер_Расчет	ID_ТЕ	dbo	Запрос_План_ТЕ	ID	FK_Контейнер_Расчет_Запрос_План_ТЕ
dbo	Контейнер_Расчет	ID_Тип	dbo	Тип_Расчета	ID	FK_Контейнер_Расчет_Тип_Расчета
dbo	Контейнер_Расчет_План	ID	dbo	Контейнер_Расчет_План	ID	FK_Контейнер_Расчет_План_Контейнер_Расчет_План
dbo	Контейнер_Расчет_План	ID_Груз	dbo	Контейнер	ID	FK_Контейнер_Расчет_План_Контейнер
dbo	Контейнер_Расчет_План	ID_Разнарядка	dbo	Запрос_План	ID	FK_Контейнер_Расчет_План_Запрос_План
dbo	Контейнер_Расчет_План	ID_Тип	dbo	Тип_Расчета	ID	FK_Контейнер_Расчет_План_Тип_Расчета
dbo	Контейнер_Расчет_Суммы	ID_Cont	dbo	Контейнер	ID	FK_Контейнер_Расчет_Суммы_Контейнер
dbo	Контейнер_Суммы	ID_Cont	dbo	Контейнер	ID	FK_Контейнер_Суммы_Контейнер
dbo	Контейнер_Суммы	KOD	dbo	Валюта	KOD	FK_Контейнер_Суммы_Валюта
dbo	Контейнер_Услуги_Счета	ID_Аналитика	dbo	Аналитика	ID	FK_Контейнер_Услуги_Счета_Аналитика
dbo	Контейнер_Услуги_Счета	ID_Валюта	dbo	Валюта	KOD	FK_Контейнер_Услуги_Счета_Валюта
dbo	Контейнер_Услуги_Счета	ID_ВалютаДок	dbo	Валюта	KOD	FK_Контейнер_Услуги_Счета_Валюта1
dbo	Контейнер_Услуги_Счета	ID_ГТД	dbo	Декларация	ID	FK_Контейнер_Услуги_Счета_Декларация
dbo	Контейнер_Услуги_Счета	ID_ЕдиницаИзмерения	dbo	Единица_Измерения	ID	FK_Контейнер_Услуги_Счета_Единица_Измерения
dbo	Контейнер_Услуги_Счета	ID_Заказ	dbo	Запрос_Клиента	ID	FK_Контейнер_Услуги_Счета_Запрос_Клиента
dbo	Контейнер_Услуги_Счета	ID_Контейнер	dbo	Контейнер	ID	FK_Контейнер_Услуги_Счета_Контейнер
dbo	Контейнер_Услуги_Счета	ID_КонтрагентДок	dbo	Контрагент	ID	FK_Контейнер_Услуги_Счета_Контрагент
dbo	Контейнер_Услуги_Счета	ID_Налог	dbo	Вид_Налога	ID	FK_Контейнер_Услуги_Счета_Вид_Налога
dbo	Контейнер_Услуги_Счета	ID_Номенклатура_Бух	dbo	Номенклатурные_единицы_бух	ID	FK_Контейнер_Услуги_Счета_Номенклатурные_единицы_бух
dbo	Контейнер_Услуги_Счета	ID_НоменклатурнаяЕдиница	dbo	Тип_номенклатурной_единицы	ID	FK_Контейнер_Услуги_Счета_Тип_услуги
dbo	Контейнер_Услуги_Счета	ID_Расчет	dbo	Контейнер_Расчет	ID	FK_Контейнер_Услуги_Счета_Контейнер_Расчет
dbo	Контейнер_Услуги_Счета	ID_Рейс	dbo	Рейс	ID	FK_Контейнер_Услуги_Счета_Рейс
dbo	Контейнер_Услуги_Счета	ID_Статья_оборота	dbo	Статьи_оборотов	ID	FK_Контейнер_Услуги_Счета_Статьи_оборотов
dbo	Контейнер_Услуги_Счета	ID_Счет	dbo	Счет	ID	FK_Контейнер_Услуги_Счета_Счет
dbo	Контейнер_Услуги_Счета	ID_Усл_Перевыст	dbo	Контейнер_Услуги_Счета	ID	FK_Контейнер_Услуги_Счета_Контейнер_Услуги_Счета
dbo	Контейнер_Услуги_Счета	ID_УслугаСвязанная	dbo	Контейнер_Услуги_Счета	ID	FK_Контейнер_Услуги_Счета_Контейнер_Услуги_Счета1
dbo	Контейнер_Услуги_Счета	ID_ЦФО	dbo	ЦФО	ID	FK_Контейнер_Услуги_Счета_ЦФО
dbo	Контрагент	ID_Supply_Leader	dbo	Персона	ID	FK_Контрагент_Персона9
dbo	Контрагент	ID_ВалютаВхСчета	dbo	Валюта	KOD	FK_Контрагент_Валюта1
dbo	Контрагент	ID_ВалютаСчета	dbo	Валюта	KOD	FK_Контрагент_Валюта
dbo	Контрагент	ID_ВидОплВхСчета	dbo	Вид_Оплаты	ID	FK_Контрагент_Вид_Оплаты1
dbo	Контрагент	ID_ВидОплИсхСчета	dbo	Вид_Оплаты	ID	FK_Контрагент_Вид_Оплаты2
dbo	Контрагент	ID_ВидОплПеревозка	dbo	Вид_Оплаты	ID	FK_Контрагент_Вид_Оплаты
dbo	Контрагент	ID_ВидПромышленности	dbo	Вид_Промышленности	ID	FK_Контрагент_Вид_Промышленности
dbo	Контрагент	ID_ГруппаСчетов	dbo	Группы_Счетов	ID	FK_Контрагент_Группы_Счетов
dbo	Контрагент	ID_Заместитель	dbo	Персона	ID	FK_Контрагент_Персона6
dbo	Контрагент	ID_Источник	dbo	Источник_Запроса	ID	FK_Контрагент_Источник_Запроса
dbo	Контрагент	ID_КатегорияВх	dbo	Категория_счета	ID	FK_Контрагент_Категория_счета
dbo	Контрагент	ID_КатегорияИсх	dbo	Категория_счета	ID	FK_Контрагент_Категория_счета1
dbo	Контрагент	ID_Куратор	dbo	Персона	ID	FK_Контрагент_Персона4
dbo	Контрагент	ID_ЛинияАгента	dbo	Контрагент	ID	FK_Контрагент_Контрагент
dbo	Контрагент	ID_Логист	dbo	Персона	ID	FK_Контрагент_Персона5
dbo	Контрагент	ID_Менеджер	dbo	Персона	ID	FK_Контрагент_Персона3
dbo	Контрагент	ID_МинСальдоВал	dbo	Валюта	KOD	FK_Контрагент_Валюта2
dbo	Контрагент	ID_НДС	dbo	Вид_Налога	ID	FK_Контрагент_Вид_Налога
dbo	Контрагент	ID_ОкАгентПоУмолч	dbo	Контрагент	ID	FK_Контрагент_Контрагент5
dbo	Контрагент	ID_ОснТип	dbo	Тип_Контрагента	ID	FK_Контрагент_Тип_Контрагента1
dbo	Контрагент	ID_ПерсонаГенДир	dbo	Персона	ID	FK_Контрагент_Персона1
dbo	Контрагент	ID_ПерсонаГлавБух	dbo	Персона	ID	FK_Контрагент_Персона2
dbo	Контрагент	ID_Подписант	dbo	Персона	ID	FK_Контрагент_Персона8
dbo	Контрагент	ID_Подразделение_Получатель	dbo	Место_обработки_грузов	ID	FK_Контрагент_Место_обработки_грузов
dbo	Контрагент	ID_Получатель	dbo	Контрагент	ID	FK_Контрагент_Контрагент1
dbo	Контрагент	ID_Поставщик	dbo	Контрагент	ID	FK_Контрагент_Контрагент2
dbo	Контрагент	ID_Предприниматель	dbo	Персона	ID	FK_Контрагент_Персона
dbo	Контрагент	ID_ПризнакВыгрузки	dbo	Признак_Выгрузки_1С	ID	FK_Контрагент_Признак_Выгрузки_1С
dbo	Контрагент	ID_Приоритет	dbo	Приоритет_Контрагента	ID	FK_Контрагент_Приоритет_Контрагента
dbo	Контрагент	ID_Продавец	dbo	Персона	ID	FK_Контрагент_Персона7
dbo	Контрагент	ID_СвояФирмаДляОбмена	dbo	Контрагент	ID	FK_Контрагент_Контрагент9
dbo	Контрагент	ID_Статус	dbo	Статус_Контрагента	ID	FK_Контрагент_Статус_Контрагента
dbo	Контрагент	ID_СтранаРегКонтрагента	dbo	Страна	ID	FK_Контрагент_Страна
dbo	Контрагент	ID_ТерминалПоУмолч	dbo	Место_обработки_грузов	ID	FK_Контрагент_Контрагент7
dbo	Контрагент	ID_Тип	dbo	Тип_Контрагента	ID	FK_Контрагент_Тип_Контрагента
dbo	Контрагент	ID_Тип_ЮрЛица	dbo	Тип_ЮрЛица	ID	FK_Контрагент_Тип_ЮрЛица
dbo	Контрагент	ID_ФактКлиент	dbo	Контрагент	ID	FK_Контрагент_Контрагент3
dbo	Контрагент	ID_ФактКлиентПоУмолчДляКС	dbo	Контрагент	ID	FK_Контрагент_Контрагент8
dbo	Контрагент	ID_ФидАгентПоУмолч	dbo	Контрагент	ID	FK_Контрагент_Контрагент6
dbo	Контрагент	ID_Холдинг	dbo	Контрагент	ID	FK_Контрагент_Контрагент4
dbo	Контрагент_Адреса	ID_Адрес	dbo	Адрес	ID	FK_Контрагент_Адреса_Адрес
dbo	Контрагент_Адреса	ID_Контрагента	dbo	Контрагент	ID	FK_Контрагент_Адреса_Контрагент
dbo	Контрагент_Адреса	ID_Тип_Адреса	dbo	Тип_Адреса	ID	FK_Контрагент_Адреса_Тип_Адреса
dbo	Контрагент_ГруппыУслуг	ID_Группа	dbo	Тип_номенклатурной_единицы	ID	FK_Контрагент_ГруппыУслуг_Тип_номенклатурной_единицы
dbo	Контрагент_ГруппыУслуг	ID_Контрагент	dbo	Контрагент	ID	FK_Контрагент_ГруппыУслуг_Контрагент
dbo	Контрагент_Маршрут	ID_Контрагент	dbo	Контрагент	ID	FK_Контрагент_Маршрут_Контрагент
dbo	Контрагент_Маршрут	ID_Маршрут	dbo	Маршрут	ID	FK_Контрагент_Маршрут_Маршрут
dbo	Контрагент_Персоны	ID_Контрагент	dbo	Контрагент	ID	FK_Контрагент_Персоны_Контрагент
dbo	Контрагент_Персоны	ID_Персона	dbo	Персона	ID	FK_Контрагент_Персоны_Персона
dbo	Контрагент_Плательщик	ID_Контрагент	dbo	Контрагент	ID	FK_Контрагент_Плательщик_Контрагент
dbo	Контрагент_Плательщик	ID_Плательщик	dbo	Контрагент	ID	FK_Контрагент_Плательщик_Контрагент1
dbo	Контрагент_Получатель	ID_Валюта	dbo	Валюта	KOD	FK_Контрагент_Получатель_Валюта
dbo	Контрагент_Получатель	ID_ВидОплаты	dbo	Вид_Оплаты	ID	FK_Контрагент_Получатель_Вид_Оплаты
dbo	Контрагент_Получатель	ID_Контрагент	dbo	Контрагент	ID	FK_Контрагент_Получатель_Контрагент
dbo	Контрагент_Получатель	ID_Получатель	dbo	Контрагент	ID	FK_Контрагент_Получатель_Контрагент1
dbo	Контрагент_Правило_Нумерации	ID_Контрагент	dbo	Контрагент	ID	FK_Контрагент_Правило_Нумерации_Контрагент
dbo	Контрагент_ПредоставляемыйСервис	ID_Контрагент	dbo	Контрагент	ID	FK_Контрагент_ПредоставляемыйСервис_Контрагент
dbo	Контрагент_ПредоставляемыйСервис	ID_Тип_Сервиса	dbo	Тип_Сервиса_Запроса	ID	FK_Контрагент_ПредоставляемыйСервис_Тип_Сервиса_Запроса
dbo	Контрагент_Средство_Связи	ID_Контрагент	dbo	Контрагент	ID	FK_Контрагент_Средство_Связи_Контрагент
dbo	Контрагент_Средство_Связи	ID_Средство_связи	dbo	Средство_Связи	ID	FK_Контрагент_Средство_Связи_Средство_Связи
dbo	Контрагент_Тип	ID_Контрагент	dbo	Контрагент	ID	Контрагент_Тип_fk
dbo	Контрагент_Тип	ID_Тип	dbo	Тип_Контрагента	ID	Контрагент_Тип_fk2
dbo	Контрагент_ТипРейса	ID_Контрагент	dbo	Контрагент	ID	FK_Контрагент_ТипРейса_Контрагент
dbo	Контрагент_ТипРейса	ID_ТипРейса	dbo	Тип_Рейса	ID	FK_Контрагент_ТипРейса_Тип_Рейса
dbo	Контрагент_ТребуемыйСервис	ID_Контрагент	dbo	Контрагент	ID	FK_Контрагент_ТребуемыйСервис_Контрагент
dbo	Контрагент_ТребуемыйСервис	ID_Тип_Сервиса	dbo	Тип_Сервиса_Запроса	ID	FK_Контрагент_ТребуемыйСервис_Тип_Сервиса_Запроса
dbo	Контрагент_Услуги	ID_Контрагент	dbo	Контрагент	ID	FK_Контрагент_Услуги_Контрагент
dbo	Контрагент_Услуги	ID_Услуга	dbo	Тип_номенклатурной_единицы	ID	FK_Контрагент_Услуги_Тип_номенклатурной_единицы
dbo	Контрагент_УчетДепозитов	ID_Контрагент	dbo	Контрагент	ID	FK_Контрагент_УчетДепозитов_Контрагент
dbo	КредитованиеПлатеж	ID_Платеж	dbo	Платеж	ID	FK_КредитованиеПлатеж_Платеж
dbo	Кросс_Курс_Валюты	KOD_From	dbo	Валюта	KOD	FK_Кросс_Курс_Валюты_Валюта
dbo	Кросс_Курс_Валюты	KOD_To	dbo	Валюта	KOD	FK_Кросс_Курс_Валюты_Валюта1
dbo	Курс_Валюты	KOD	dbo	Валюта	KOD	FK_Курс_Валюты_Валюта
dbo	Маршрут	ID_Адрес_Назначения	dbo	Адрес	ID	FK_Маршрут_Адрес1
dbo	Маршрут	ID_Адрес_Отправления	dbo	Адрес	ID	FK_Маршрут_Адрес
dbo	Маршрут	ID_Клиент	dbo	Контрагент	ID	FK_Маршрут_Контрагент1
dbo	Маршрут	ID_КонтактНазн	dbo	Персона_Средство_Связи	ID	FK_Маршрут_Персона_Средство_Связи1
dbo	Маршрут	ID_КонтактОтпр	dbo	Персона_Средство_Связи	ID	FK_Маршрут_Персона_Средство_Связи
dbo	Маршрут	ID_Контрагент	dbo	Контрагент	ID	FK_Маршрут_Контрагент
dbo	Маршрут	ID_Место_Затаможки	dbo	Место_обработки_грузов	ID	FK_Маршрут_Место_обработки_грузов2
dbo	Маршрут	ID_Место_Назначения	dbo	Место_обработки_грузов	ID	FK_Маршрут_Место_обработки_грузов1
dbo	Маршрут	ID_Место_Отправления	dbo	Место_обработки_грузов	ID	FK_Маршрут_Место_обработки_грузов
dbo	Маршрут	ID_Место_Растаможки	dbo	Место_обработки_грузов	ID	FK_Маршрут_Место_обработки_грузов3
dbo	Маршрут	ID_НасПункт_Назначения	dbo	НаселенныйПункт	ID	FK_Маршрут_НаселенныйПункт1
dbo	Маршрут	ID_НасПункт_Отправления	dbo	НаселенныйПункт	ID	FK_Маршрут_НаселенныйПункт
dbo	Маршрут	ID_Отправитель	dbo	Контрагент	ID	FK_Маршрут_Контрагент2
dbo	Маршрут	ID_ПерсонаНазн	dbo	Персона	ID	FK_Маршрут_Персона1
dbo	Маршрут	ID_ПерсонаОтпр	dbo	Персона	ID	FK_Маршрут_Персона
dbo	Маршрут	ID_Подтип	dbo	Подтип_Рейса	ID	FK_Маршрут_Подтип_Рейса
dbo	Маршрут	ID_Получатель	dbo	Контрагент	ID	FK_Маршрут_Контрагент3
dbo	Маршрут	ID_Тип_Места_Назначения	dbo	Тип_места_обработки	ID	FK_Маршрут_Тип_места_обработки1
dbo	Маршрут	ID_Тип_Места_Отправления	dbo	Тип_места_обработки	ID	FK_Маршрут_Тип_места_обработки
dbo	Маршрут	ID_ТипРейса	dbo	Тип_Рейса	ID	FK_Маршрут_Тип_Рейса
dbo	Маршрут_операция	ID_Маршрут	dbo	Маршрут	ID	FK_Маршрут_операция_Маршрут
dbo	Маршрут_операция	ID_МестоОбработки	dbo	Место_обработки_грузов	ID	FK_Маршрут_операция_Место_обработки_грузов
dbo	Маршрут_операция	ID_НасПункт	dbo	НаселенныйПункт	ID	FK_Маршрут_операция_НаселенныйПункт
dbo	Маршрут_операция	ID_Операция	dbo	Операция_Рейса	ID	FK_Маршрут_операция_Операция_Рейса
dbo	Маршрутизация_разнарядок	ID_ВидПеремещения	dbo	Виды_Перемещений	ID	FK_Маршрутизация_разнарядок_Виды_Перемещений
dbo	Маршрутизация_разнарядок	ID_ВидФормы	dbo	UserLayout	ID	FK_Маршрутизация_разнарядок_UserLayout
dbo	Маршрутизация_разнарядок	ID_ЕдИзмерения	dbo	Единица_Измерения	ID	FK_Маршрутизация_разнарядок_Единица_Измерения
dbo	Маршрутизация_разнарядок	ID_ЕдиницаРасчета	dbo	ЕдиницаРасчета	ID	FK_Маршрутизация_разнарядок_ЕдиницаРасчета
dbo	Маршрутизация_разнарядок	ID_КодОперации	dbo	Коды_операций	ID	FK_Маршрутизация_разнарядок_Коды_операций
dbo	Маршрутизация_разнарядок	ID_МаршрАгент	dbo	Маршрутизация_разнарядок	ID	FK_Маршрутизация_разнарядок_Маршрутизация_разнарядок2
dbo	Маршрутизация_разнарядок	ID_Маршрутизация_Факт	dbo	Маршрутизация_разнарядок	ID	FK_Маршрутизация_разнарядок_Маршрутизация_разнарядок
dbo	Маршрутизация_разнарядок	ID_НалогДоходаАгент	dbo	Вид_Налога	ID	FK_Маршрутизация_разнарядок_Вид_Налога1
dbo	Маршрутизация_разнарядок	ID_НалогРасходаАгент	dbo	Вид_Налога	ID	FK_Маршрутизация_разнарядок_Вид_Налога
dbo	Маршрутизация_разнарядок	ID_Ответственный	dbo	Персона	ID	FK_Маршрутизация_разнарядок_Персона
dbo	Маршрутизация_разнарядок	ID_Отдел	dbo	Подразделения	ID	FK_Маршрутизация_разнарядок_Подразделения
dbo	Маршрутизация_разнарядок	ID_СвояФирма	dbo	Контрагент	ID	FK_Маршрутизация_разнарядок_Контрагент
dbo	Маршрутизация_разнарядок	ID_СвояФирмаЗаказ	dbo	Контрагент	ID	FK_Маршрутизация_разнарядок_Контрагент1
dbo	Маршрутизация_разнарядок	ID_СтатусПеревозкиТО	dbo	Статус_перевозки_ТО	ID	FK_Маршрутизация_разнарядок_Статус_перевозки_ТО
dbo	Маршрутизация_разнарядок	ID_СтатусПеревозкиТО_Начало	dbo	Статус_перевозки_ТО	ID	FK_Маршрутизация_разнарядок_Статус_перевозки_ТО1
dbo	Маршрутизация_разнарядок	ID_ТипДопТС	dbo	Тип_ТС	ID	FK_Маршрутизация_разнарядок_Тип_ТС1
dbo	Маршрутизация_разнарядок	ID_ТипКонтрагента	dbo	Тип_Контрагента	ID	FK_Маршрутизация_разнарядок_Тип_Контрагента
dbo	Маршрутизация_разнарядок	ID_ТипРазнарядки	dbo	Тип_разнарядки	ID	FK_Маршрутизация_разнарядок_Тип_разнарядки
dbo	Маршрутизация_разнарядок	ID_ТипРейса	dbo	Тип_Рейса	ID	FK_Маршрутизация_разнарядок_Тип_Рейса
dbo	Маршрутизация_разнарядок	ID_ТипТС	dbo	Тип_ТС	ID	FK_Маршрутизация_разнарядок_Тип_ТС
dbo	Маршрутизация_разнарядок	ID_ТипТСД	dbo	Тип_Документа	ID	FK_Маршрутизация_разнарядок_Тип_Документа
dbo	Маршрутизация_разнарядок	ID_Услуга	dbo	Тип_номенклатурной_единицы	ID	FK_Маршрутизация_разнарядок_Тип_номенклатурной_единицы
dbo	Маршрутизация_разнарядок	ВидЗависимостиАгентДоход	dbo	ВидЗависимостиРазнарядка	id	FK_Маршрутизация_разнарядок_ВидЗависимостиРазнарядка1
dbo	Маршрутизация_разнарядок	ВидЗависимостиАгентРасход	dbo	ВидЗависимостиРазнарядка	id	FK_Маршрутизация_разнарядок_ВидЗависимостиРазнарядка
dbo	Маршрутизация_разнарядок_БП	ID_БП	dbo	БизнессПроцесс	ID	FK_Маршрутизация_разнарядок_БП_БизнессПроцесс
dbo	Маршрутизация_разнарядок_БП	ID_Маршрутизация	dbo	Маршрутизация_разнарядок	ID	FK_Маршрутизация_разнарядок_БП_Маршрутизация_разнарядок
dbo	Маршрутизация_разнарядок_Набл	ID_Маршрутизация	dbo	Маршрутизация_разнарядок	ID	FK_Маршрутизация_разнарядок_Набл_Маршрутизация_разнарядок
dbo	Маршрутизация_разнарядок_Набл	ID_Персона	dbo	Персона	ID	FK_Маршрутизация_разнарядок_Набл_Персона
dbo	Маршрутизация_разнарядок_Парам	ID_UserField	dbo	UserField	ID	FK_Маршрутизация_разнарядок_Парам_UserField
dbo	Маршрутизация_разнарядок_Парам	ID_Маршрутизация	dbo	Маршрутизация_разнарядок	ID	FK_Маршрутизация_разнарядок_Парам_Маршрутизация_разнарядок
dbo	Маршрутизация_разнарядок_Парам	ID_Параметр	dbo	Разнарядка_Параметры	ID	FK_Маршрутизация_разнарядок_Парам_Разнарядка_Параметры
dbo	Маршрутизация_разнарядок_ПФ	ID_Layout	dbo	UserLayout	ID	FK_Маршрутизация_разнарядок_ПФ_UserLayout
dbo	Маршрутизация_разнарядок_ПФ	ID_Контрагент	dbo	Контрагент	ID	FK_Маршрутизация_разнарядок_ПФ_Контрагент
dbo	Маршрутизация_разнарядок_ПФ	ID_Маршрутизация	dbo	Маршрутизация_разнарядок	ID	FK_Маршрутизация_разнарядок_ПФ_Маршрутизация_разнарядок
dbo	Маршрутизация_разнарядок_ПФ	ID_Объект	dbo	Объект	ID	FK_Маршрутизация_разнарядок_ПФ_Объект
dbo	Маршрутизация_разнарядок_ПФ	ID_ТипДокумента	dbo	Тип_Документа	ID	FK_Маршрутизация_разнарядок_ПФ_Тип_Документа
dbo	Маршрутизация_разнарядок_ПФ	ID_Экспорт	dbo	Экспорт_Конфигурация	ID	FK_Маршрутизация_разнарядок_ПФ_Экспорт_Конфигурация
dbo	МатрицаСИ	ID_Валюта	dbo	Валюта	KOD	FK_МатрицаСИ_Валюта
dbo	МатрицаСИ	ID_Изготовитель	dbo	Контрагент	ID	FK_МатрицаСИ_Контрагент_Изготовитель
dbo	МатрицаСИ	ID_Импортер	dbo	Контрагент	ID	FK_МатрицаСИ_Контрагент_Импортер
dbo	МатрицаСИ	ID_Инкотермс	dbo	Код_Инкотермс	ID	FK_МатрицаСИ_Код_Инкотермс
dbo	МатрицаСИ	ID_Категория	dbo	Параметры_матрицыСИ	ID	FK_МатрицаСИ_Параметры_матрицыСИ
dbo	МатрицаСИ	ID_КМ	dbo	Персона	ID	FK_МатрицаСИ_ПерсонаКМ
dbo	МатрицаСИ	ID_КодТНВЭД	dbo	КодТНВЭД	ID	FK_МатрицаСИ_КодТНВЭД
dbo	МатрицаСИ	ID_МИ	dbo	Персона	ID	FK_МатрицаСИ_ПерсонаМИ
dbo	МатрицаСИ	ID_Набор	dbo	Единица_Измерения	ID	FK_МатрицаСИ_Единица_Измерения
dbo	МатрицаСИ	ID_ПортПогрузки	dbo	НаселенныйПункт	ID	FK_МатрицаСИ_НаселенныйПункт
dbo	МатрицаСИ	ID_Поставщик	dbo	Контрагент	ID	FK_МатрицаСИ_Контрагент
dbo	МатрицаСИ	ID_РП	dbo	Персона	ID	FK_МатрицаСИ_ПерсонаРП
dbo	МатрицаСИ	ID_СГР	dbo	Параметры_матрицыСИ	ID	FK_МатрицаСИ_Параметры_матрицыСИ_СГР
dbo	МатрицаСИ	ID_СсылкаНаСтикер	dbo	Документ	ID	FK_МатрицаСИ_Документ
dbo	МатрицаСИ	ID_Статус	dbo	Параметры_матрицыСИ	ID	FK_МатрицаСИ_Параметры_матрицыСИ_Статус
dbo	МатрицаСИ	ID_СтранаПроизводства	dbo	Страна	ID	FK_МатрицаСИ_Страна
dbo	МатрицаСИ	ID_Этап	dbo	Параметры_матрицыСИ	ID	FK_МатрицаСИ_Параметры_матрицыСИ_Этап
dbo	Место_Забор_Доставка	ID_Запрос	dbo	Запрос_Клиента	ID	FK_Место_Забор_Доставка_Запрос_Клиента
dbo	Место_Забор_Доставка	ID_Место	dbo	Место_обработки_грузов	ID	FK_Место_Забор_Доставка_Место_обработки_грузов
dbo	Место_Забор_Доставка	ID_НасПункт	dbo	НаселенныйПункт	ID	FK_Место_Забор_Доставка_НаселенныйПункт
dbo	Место_обработки_грузов	ID_КодирующаяОрганизация	dbo	КодирующаяОрганизация	ID	FK_Место_обработки_грузов_КодирующаяОрганизация
dbo	Место_обработки_грузов	ID_Контрагент	dbo	Контрагент	ID	FK_Место_обработки_грузов_Контрагент
dbo	Место_обработки_грузов	ID_Персона	dbo	Персона	ID	FK_Место_обработки_грузов_Персона
dbo	Место_обработки_грузов	ID_Тип_Места_Обработки	dbo	Тип_места_обработки	ID	FK_Место_обработки_грузов_Тип_места_обработки
dbo	Место_обработки_грузов	ID_ТипГлобальногоКода	dbo	Типы_глобального_кода	ID	FK_Место_обработки_грузов_Типы_глобального_кода
dbo	Место_обработки_грузов_КА_Ист	ID_Контрагент	dbo	Контрагент	ID	FK_Место_обработки_грузов_Контрагент_Ист_Контрагент
dbo	Место_обработки_грузов_КА_Ист	ID_Место_обработки_груза	dbo	Место_обработки_грузов	ID	FK_Место_обработки_грузов_Контрагент_Ист_Место_обработки_грузов
dbo	Место_обработки_грузов_Контрагент	ID_Контрагент	dbo	Контрагент	ID	FK_Место_обработки_грузов_Контрагент_Контрагент
dbo	Место_обработки_грузов_Контрагент	ID_Место_обработки_груза	dbo	Место_обработки_грузов	ID	FK_Место_обработки_грузов_Контрагент_Место_обработки_грузов
dbo	Место_обработки_грузов_Типы	ID_МОГ	dbo	Место_обработки_грузов	ID	FK_Место_обработки_грузов_Типы_Место_обработки_грузов
dbo	Место_обработки_грузов_Типы	ID_Тип	dbo	Тип_места_обработки	ID	FK_Место_обработки_грузов_Типы_Тип_места_обработки
dbo	НаименованиеГруза	ID_ВалСтоимости	dbo	Валюта	KOD	FK_НаименованиеГруза_Валюта
dbo	НаименованиеГруза	ID_ВидУпаковки	dbo	Тип_Упаковки_контейнера	ID	FK_НаименованиеГруза_Тип_Упаковки_контейнера
dbo	НаименованиеГруза	ID_Группы	dbo	НаименованиеГруза	ID	FK_НаименованиеГруза_НаименованиеГруза
dbo	НаименованиеГруза	ID_ЕдИзм	dbo	Единица_Измерения	ID	FK_НаименованиеГруза_Единица_Измерения
dbo	НаименованиеГруза	ID_Изготовитель	dbo	Контрагент	ID	FK_НаименованиеГруза_Контрагент
dbo	НаименованиеГруза	ID_КлассОпасности	dbo	КлассОпасностиГруза	ID	FK_НаименованиеГруза_КлассОпасностиГруза
dbo	НаименованиеГруза	ID_КодТНВЭД	dbo	КодТНВЭД	ID	FK_НаименованиеГруза_КодТНВЭД
dbo	НаименованиеГруза	ID_Поставщик	dbo	Контрагент	ID	FK_НаименованиеГруза_Контрагент2
dbo	НаименованиеГруза	ID_СтатусРД	dbo	Статус_РД	ID	FK_НаименованиеГруза_Статус_РД
dbo	НаименованиеГруза	ID_СтранаИзготовитель	dbo	Страна	ID	FK_НаименованиеГруза_Страна
dbo	НаименованиеГруза	ID_ТоварнаяГруппа	dbo	Товарная_Группа	ID	FK_НаименованиеГруза_Товарная_Группа
dbo	НаименованиеГруза	ID_ТоварнаяГруппаЛог	dbo	Товарная_Группа_Логистика	ID	FK_НаименованиеГруза_Товарная_Группа_Логистика
dbo	НаименованиеГруза	ID_Экспортер	dbo	Контрагент	ID	FK_НаименованиеГруза_Контрагент1
dbo	НаименованиеГруза	ГНГ	dbo	ГНГ	GNG_Code	FK_НаименованиеГруза_ГНГ
dbo	НаименованиеГруза	ЕТСНГ	dbo	ЕТСНГ	ETCIS_Code	FK_НаименованиеГруза_ЕТСНГ
dbo	НаименованиеГруза_UoM	ID_НаименованиеГруза	dbo	НаименованиеГруза	ID	FK_НаименованиеГруза_Uo_НаименованиеГруза
dbo	НаселенныйПункт	ID_КодирующаяОрганизация	dbo	КодирующаяОрганизация	ID	FK_НаселенныйПункт_КодирующаяОрганизация
dbo	НаселенныйПункт	ID_ЛогистическоеНаправление	dbo	Логистические_направления	ID	FK_НаселенныйПункт_НаселенныйПункт
dbo	НаселенныйПункт	ID_Регион	dbo	Регион	ID	FK_НаселенныйПункт_Регион
dbo	НаселенныйПункт	ID_Страна	dbo	Страна	ID	FK_НаселенныйПункт_Страна
dbo	НаселенныйПункт	ID_ТипНасПункта	dbo	Тип_Населенного_Пункта	ID	FK_НаселенныйПункт_Тип_Населенного_Пункта
dbo	НаселенныйПункт	ID_Штат	dbo	Штаты	ID	FK_НаселенныйПункт_Штаты
dbo	Настройка_ЖурналТД	ID_User	dbo	Users	UserID	FK_Настройка_ЖурналТД_Users
dbo	Настройка_ЖурналТД	ID_Маршрутизация	dbo	Маршрутизация_разнарядок	ID	FK_Настройка_ЖурналТД_Маршрутизация_разнарядок
dbo	Настройка_ОперативнаяТаблица	ID_Аггрегация	dbo	Настройка_ОТГ_Аггрегация	ID	FK_Настройка_ОперативнаяТаблица_Настройка_ОперативнаяТаблица_Аггрегация
dbo	Настройка_ОперативнаяТаблица	ID_ОТГ	dbo	Настройка_ОТГ	ID	FK_Настройка_ОперативнаяТаблица_Настройка_ОТГ
dbo	Настройка_Трекинга	ID_СтатусРазнарядки	dbo	Статус_Разнарядки	ID	FK_Настройка_Трекинга_Статус_Разнарядки
dbo	Номенклатурные_единицы_бух	ID_Группы	dbo	Номенклатурные_единицы_бух	ID	FK_Номенклатурные_единицы_бух_Номенклатурные_единицы_бух
dbo	Оборудование	ID_Арендодатель	dbo	Контрагент	ID	FK_Оборудование_Контрагент
dbo	Оборудование	ID_Вал_Покупки	dbo	Валюта	KOD	FK_Оборудование_Валюта
dbo	Оборудование	ID_Вал_Продажи	dbo	Валюта	KOD	FK_Оборудование_Валюта1
dbo	Оборудование	ID_Владелец	dbo	Контрагент	ID	FK_Оборудование_Контрагент1
dbo	Оборудование	ID_МестоВзятия	dbo	Место_обработки_грузов	ID	FK_Оборудование_Место_обработки_грузов
dbo	Оборудование	ID_МестоВыводаИзАренды	dbo	Место_обработки_грузов	ID	FK_Оборудование_Место_обработки_грузов1
dbo	Оборудование	ID_Принадлежность	dbo	Принадлежность_оборудования	ID	FK_Оборудование_Принадлежность_оборудования
dbo	Оборудование	ID_Продано	dbo	Контрагент	ID	FK_Оборудование_Контрагент2
dbo	Оборудование	ID_ТипКонтейнера	dbo	Тип_Контейнера	ID	FK_Оборудование_Тип_Контейнера
dbo	Объект	ID_ТипДокумента	dbo	Тип_Документа	ID	FK_Объект_Тип_Документа
dbo	Объект	IsFormOf	dbo	Объект	ID	FK_Объект_Объект
dbo	Объект	IsPrintFormOf	dbo	Объект	ID	FK_Объект_Объект1
dbo	Объект	IsPrintFormOf2	dbo	Объект	ID	FK_Объект_Объект2
dbo	Объект_Документ	ID_Документ	dbo	Документ	ID	FK_Объект_Документ_Документ
dbo	Объект_Документ	ID_Объект	dbo	Объект	ID	FK_Объект_Документ_Объект
dbo	Объект_Значение	ID_ДопПоле	dbo	ДополнительноеПоле	ID	FK_Объект_Значение_ДополнительноеПоле
dbo	Объект_Правило_Нумерации	ID_Объект	dbo	Объект	ID	FK_Объект_Правило_Нумерации_Объект
dbo	Объект_Правило_Нумерации	ID_Правило	dbo	Правило_Нумерации	ID	FK_Объект_Правило_Нумерации_Правило_Нумерации
dbo	Объект_Примечание	ID_Объект	dbo	Объект	ID	FK_Объект_Примечание_Объект
dbo	Объект_Примечание	ID_Примечание	dbo	Примечание	ID	FK_Объект_Примечание_Примечание
dbo	ОбъектАнгл	ID_Объект	dbo	Объект	ID	FK_ОбъектАнгл_Объект
dbo	ОбъектФильтрации	ID_Объект	dbo	Объект	ID	FK_ОбъектФильтрации_Объект
dbo	Обязательные_Документы	ID_Изготовитель	dbo	Контрагент	ID	FK_Обязательные_Документы_Контрагент
dbo	Обязательные_Документы	ID_ИзготовительДокумента	dbo	Изготовитель_Документа	ID	FK_Обязательные_Документы_Изготовитель_Документа
dbo	Обязательные_Документы	ID_НаличиеДокумента	dbo	Наличие_Документа	ID	FK_Обязательные_Документы_Наличие_Документа
dbo	Обязательные_Документы	ID_НеЗавершать	dbo	Обязательные_Документы_НеЗав	ID	FK_Обязательные_Документы_Обязательные_Документы_НеЗав
dbo	Обязательные_Документы	ID_Объекта	dbo	Объект	ID	FK_Обязательные_Документы_Объект
dbo	Обязательные_Документы	ID_Ответственный	dbo	Персона	ID	FK_Обязательные_Документы_Персона
dbo	Обязательные_Документы	ID_ТипДокумента	dbo	Тип_Документа	ID	FK_Обязательные_Документы_Тип_Документа
dbo	Обязательные_Документы_Документы	ID_Документ	dbo	Документ	ID	FK_Обязательные_Документы_Документы_Документ
dbo	Обязательные_Документы_Документы	ID_Обязательный	dbo	Обязательные_Документы	ID	FK_Обязательные_Документы_Документы_Обязательные_Документы
dbo	Операция_Рейса	ID_КодОперации	dbo	Коды_операций	ID	FK_Операция_Рейса_Коды_операций
dbo	Операция_Рейса	ID_ФормируемыйСтатус	dbo	Статус_перевозки_ТО	ID	FK_Операция_Рейса_Статус_перевозки_ТО
dbo	ОплатыПоГТД	ID_Вал	dbo	Валюта	KOD	FK_ОплатыПоГТД_Валюта
dbo	ОплатыПоГТД	ID_ГТД	dbo	Декларация	ID	FK_ОплатыПоГТД_Декларация
dbo	Отгрузка	ID_XML_Income	dbo	EDI_Message_Income	ID	FK_Отгрузка_EDI_Message_Income
dbo	Отгрузка	ID_XMLДокумент	dbo	EDI_Message_Outcome	ID	FK_Отгрузка_EDI_Message_Outcome
dbo	Отгрузка	ID_ВалютаИнвойса	dbo	Валюта	KOD	FK_Table_2_Валюта
dbo	Отгрузка	ID_ВалютаКонтракта	dbo	Валюта	KOD	FK_Table_2_Валюта1
dbo	Отгрузка	ID_ВидДоставки	dbo	ВидДоставки	ID	FK_Отгрузка_ВидДоставки
dbo	Отгрузка	ID_Грузоотправитель	dbo	Контрагент	ID	FK_Отгрузка_Контрагент
dbo	Отгрузка	ID_Договор	dbo	Документ	ID	FK_Table_2_Документ
dbo	Отгрузка	ID_Консолидатор	dbo	Контрагент	ID	FK_Отгрузка_Контрагент1
dbo	Отгрузка	ID_Место_Назначения	dbo	Место_обработки_грузов	ID	FK_Table_2_Место_обработки_грузов
dbo	Отгрузка	ID_Ответственный	dbo	Персона	ID	FK_Table_2_Персона
dbo	Отгрузка	ID_Перевозчик	dbo	Контрагент	ID	FK_Отгрузка_Контрагент2
dbo	Отгрузка	ID_Подразделение_Получатель	dbo	Место_обработки_грузов	ID	FK_Отгрузка_Место_обработки_грузов
dbo	Отгрузка	ID_Покупатель	dbo	Контрагент	ID	FK_Table_2_Контрагент
dbo	Отгрузка	ID_Поставщик	dbo	Контрагент	ID	FK_Table_2_Контрагент1
dbo	Отгрузка	ID_Пункт_Назначения	dbo	НаселенныйПункт	ID	FK_Отгрузка_НаселенныйПункт1
dbo	Отгрузка	ID_ПунктОтгрузки	dbo	НаселенныйПункт	ID	FK_Отгрузка_НаселенныйПункт
dbo	Отгрузка	ID_Статус	dbo	Статус_Отгрузки	ID	FK_Table_2_Статус_Отгрузки
dbo	Отгрузка	ID_Статус_ПТиУ	dbo	Статус_ПТиУ	ID	FK_Table_2_Статус_ПТиУ
dbo	Отгрузка	ID_СтранаОтгрузки	dbo	Страна	ID	FK_Отгрузка_Страна
dbo	Отгрузка	ID_Тип_рейса	dbo	Тип_Рейса	ID	FK_Отгрузка_Тип_Рейса
dbo	Отгрузка	ID_ТС	dbo	Транспортное_Средство	ID	FK_Отгрузка_Транспортное_Средство
dbo	Отгрузка	ID_ТС2	dbo	Транспортное_Средство	ID	FK_Отгрузка_Транспортное_Средство1
dbo	Отгрузка	ID_ТС3	dbo	Транспортное_Средство	ID	FK_Отгрузка_Транспортное_Средство2
dbo	Отгрузка	ID_УсловияПоДоговору	dbo	Условия_По_Договору	ID	FK_Table_2_Условия_По_Договору
dbo	Отгрузка_ДопПоля_Отслеживание	ID_Отгрузка	dbo	Отгрузка	ID	FK_Отгрузка_ДопПоля_Отслеживание_Отгрузка
dbo	Отгрузка_ДопПоля_Отслеживание	ID_ТО_Населенный_Пункт	dbo	НаселенныйПункт	ID	FK_Отгрузка_ДопПоля_Отслеживание_НаселенныйПункт
dbo	Период_доставки	ID_МОГ	dbo	Место_обработки_грузов	ID	FK_Период_доставки_Место_обработки_грузов
dbo	Персона	ID_ВидУчета	dbo	Вид_Учета	ID	FK_Персона_Вид_Учета
dbo	Персона	ID_Гражданство	dbo	Страна	ID	FK_Персона_Страна
dbo	Персона	ID_Должность	dbo	Должность	ID	FK_Персона_Должность
dbo	Персона	ID_Заместитель	dbo	Персона	ID	FK_Персона_Персона
dbo	Персона	ID_Осн_Фирма	dbo	Контрагент	ID	FK_Персона_Контрагент
dbo	Персона	ID_Подразделение	dbo	Подразделения	ID	FK_Персона_Подразделения
dbo	Персона	ID_Пол	dbo	Пол	ID	FK_Персона_Пол
dbo	Персона	ID_Тип_Прих_Док	dbo	Тип_Прих_Док	ID	FK_Персона_Тип_Прих_Док
dbo	Персона	SecondVal	dbo	Валюта	KOD	FK_Персона_Валюта
dbo	Персона_Адреса	ID_Адрес	dbo	Адрес	ID	FK_Персона_Адреса_Адрес
dbo	Персона_Адреса	ID_Персона	dbo	Персона	ID	FK_Персона_Адреса_Персона
dbo	Персона_Замещает	ID_Замещает	dbo	Персона	ID	FK_Персона_Замещает_Персона1
dbo	Персона_Замещает	ID_Персона	dbo	Персона	ID	FK_Персона_Замещает_Персона
dbo	Персона_Замещает	ID_Причина	dbo	ПричинаЗамещения	ID	FK_Персона_Замещает_ПричинаЗамещения
dbo	Персона_Контрагент	ID_Контрагент	dbo	Контрагент	ID	FK_Персона_Контрагент_Контрагент
dbo	Персона_Контрагент	ID_Персона	dbo	Персона	ID	FK_Персона_Контрагент_Персона
dbo	Персона_Средство_Связи	ID_Персона	dbo	Персона	ID	FK_Персона_Средство_Связи_Персона
dbo	Персона_Средство_Связи	ID_Средство_связи	dbo	Средство_Связи	ID	FK_Персона_Средство_Связи_Средство_Связи
dbo	Персона_ТипКонтрагента	ID_Персона	dbo	Персона	ID	FK_Персона_ТипКонтрагента_Персона
dbo	Персона_ТипКонтрагента	ID_Тип_Контрагента	dbo	Тип_Контрагента	ID	FK_Персона_ТипКонтрагента_Персона_ТипКонтрагента
dbo	Персона_Удостоверение_Личности	ID_Персона	dbo	Персона	ID	FK_Персона_Удостоверение_Личности_Персона
dbo	ПланПродаж	ID_Контрагент	dbo	Контрагент	ID	FK_ПланПродаж_Контрагент
dbo	ПланПродаж	ID_Период	dbo	ОтчетныйПериод	ID	FK_ПланПродаж_ОтчетныйПериод
dbo	Платеж	ID_БазовойВалюты	dbo	Валюта	KOD	FK_Платеж_Валюта1
dbo	Платеж	ID_Валюта	dbo	Валюта	KOD	FK_Платеж_Валюта
dbo	Платеж	ID_ВидДаты	dbo	Вид_Даты_ПланОплаты	ID	FK_Платеж_Вид_Даты_ПланОплаты
dbo	Платеж	ID_ВидОплаты	dbo	Вид_Оплаты	ID	FK_Платеж_Вид_Оплаты
dbo	Платеж	ID_ВидУчета	dbo	Вид_Учета	ID	FK_Платеж_Вид_Учета
dbo	Платеж	ID_Выгодоприобр	dbo	Контрагент	ID	FK_Платеж_Контрагент4
dbo	Платеж	ID_Договор	dbo	Документ	ID	FK_Платеж_Документ
dbo	Платеж	ID_КатегорияПлатежа	dbo	Категория_Платежа	ID	FK_Платеж_Категория_Платежа
dbo	Платеж	ID_Конверсия	dbo	Конверсия	ID	FK_Платеж_Конверсия
dbo	Платеж	ID_Контрагент	dbo	Контрагент	ID	FK_Платеж_Контрагент
dbo	Платеж	ID_Направление	dbo	Направление_платежей	ID	FK_Платеж_Направление_платежей
dbo	Платеж	ID_Платеж	dbo	Платеж	ID	FK_Платеж_Платеж
dbo	Платеж	ID_Плательщик	dbo	Контрагент	ID	FK_Платеж_Контрагент2
dbo	Платеж	ID_Получатель	dbo	Контрагент	ID	FK_Платеж_Контрагент3
dbo	Платеж	ID_РазнарядкаДляДат	dbo	Запрос_План	ID	FK_Платеж_Запрос_План1
dbo	Платеж	ID_РазнарядкаДляСуммы	dbo	Запрос_План	ID	FK_Платеж_Запрос_План2
dbo	Платеж	ID_РазнарядкаКонверсии	dbo	Запрос_План	ID	FK_Платеж_Запрос_План3
dbo	Платеж	ID_РазнарядкаКонверсииОП	dbo	Запрос_План	ID	FK_Платеж_Запрос_План4
dbo	Платеж	ID_Разнарядки	dbo	Запрос_План	ID	FK_Платеж_Запрос_План
dbo	Платеж	ID_РС_Плательщик	dbo	РасчетныйСчет	ID	FK_Платеж_РасчетныйСчет
dbo	Платеж	ID_РС_Получатель	dbo	РасчетныйСчет	ID	FK_Платеж_РасчетныйСчет1
dbo	Платеж	ID_Собственная_фирма	dbo	Контрагент	ID	FK_Платеж_Контрагент1
dbo	Платеж	ID_СтавкаНДС	dbo	Вид_Налога	ID	FK_Платеж_Вид_Налога
dbo	Платеж	ID_Статус	dbo	Статус_исполнения_документа	ID	FK_Платеж_Статус_исполнения_документа
dbo	Платеж	ID_СтатьяДДС	dbo	Статьи_ДДС	ID	FK_Платеж_Статьи_ДДС
dbo	Платеж	ID_СчетДебет	dbo	ПланыСчетовУчета	ID	FK_Платеж_ПланыСчетовУчета
dbo	Платеж	ID_СчетКредит	dbo	ПланыСчетовУчета	ID	FK_Платеж_ПланыСчетовУчета1
dbo	Платеж	ID_Тип_Плат_Док	dbo	Тип_Плат_Документа	ID	FK_Платеж_Тип_Плат_Документа
dbo	Платеж	ID_ЦентрДС	dbo	Центр_Учета_Денег	ID	FK_Платеж_Центр_Учета_Денег
dbo	Платеж	IDВалФакт	dbo	Валюта	KOD	FK_Платеж_Валюта2
dbo	Платеж_ЗаявкаНаОплату	ID_ЗаявкаНаОплату	dbo	ЗаявкаНаОплату	ID	FK_Table_2_ЗаявкаНаОплату
dbo	Платеж_ЗаявкаНаОплату	ID_Платеж	dbo	Платеж	ID	FK_Table_2_Платеж
dbo	Подразделения	ID_Директор	dbo	Персона	ID	FK_Подразделения_Персона1
dbo	Подразделения	ID_Контрагент	dbo	Контрагент	ID	FK_Подразделения_Контрагент
dbo	Подразделения	ID_Руководитель	dbo	Персона	ID	FK_Подразделения_Персона
dbo	ПолеИзРазнарядки	ID_Объект	dbo	Объект	ID	FK_ПолеИзРазнарядки_Объект
dbo	ПолеИзРазнарядки	ID_Тип	dbo	UserFieldType	ID	FK_ПолеИзРазнарядки_UserFieldType
dbo	Получатель_Сообщения	ID_Получатель	dbo	Персона	ID	FK_Получатель_Сообщения_Персона
dbo	Получатель_Сообщения	ID_Сообщение	dbo	Сообщение	ID	FK_Получатель_Сообщения_Сообщение
dbo	ПоставщикиТендера	ID_Контрагента	dbo	Контрагент	ID	FK_ПоставщикиТендера_Контрагент
dbo	ПоставщикиТендера	ID_Персона	dbo	Персона	ID	FK_ПоставщикиТендера_Персона
dbo	ПоставщикиТендера	ID_Разнарядки	dbo	Запрос_План	ID	FK_ПоставщикиТендера_Запрос_План
dbo	ПоставщикиТендера	Контакт_email	dbo	Контрагент_Средство_Связи	ID	FK_ПоставщикиТендера_Контрагент_Средство_Связи
dbo	ПоставщикиТендера	Контакт_тел	dbo	Контрагент_Средство_Связи	ID	FK_ПоставщикиТендера_Контрагент_Средство_Связи1
dbo	Потребность	ID_Place	dbo	Место_обработки_грузов	ID	FK_Потребность_Место_обработки_грузов2
dbo	Потребность	ID_XML_Income	dbo	EDI_Message_Income	ID	FK_Потребность_EDI_Message_Income
dbo	Потребность	ID_АдресПолучателя	dbo	Адрес	ID	FK_Потребность_Адрес
dbo	Потребность	ID_Валюта	dbo	Валюта	KOD	FK_Потребность_Валюта
dbo	Потребность	ID_ВидТранспорта	dbo	Тип_Рейса	ID	FK_Потребность_Тип_Рейса
dbo	Потребность	ID_Договор	dbo	Документ	ID	FK_Потребность_Документ
dbo	Потребность	ID_Дозаказ	dbo	Потребность	ID	FK_Потребность_Потребность
dbo	Потребность	ID_ЕдИзмОбъема	dbo	Ед_Изм_Объема	ID	FK_Потребность_Ед_Изм_Объема
dbo	Потребность	ID_КатегорияТовара	dbo	Категория_Товара	ID	FK_Потребность_Категория_Товара
dbo	Потребность	ID_КонтактноеЛицо	dbo	Персона	ID	FK_Потребность_Персона1
dbo	Потребность	ID_Маршрут	dbo	Маршрут	ID	FK_Потребность_Маршрут
dbo	Потребность	ID_МИ	dbo	Персона	ID	FK_Потребность_Персона
dbo	Потребность	ID_ОтветственныйМРП	dbo	Персона	ID	FK_Потребность_Персона2
dbo	Потребность	ID_ПодписантРО	dbo	Персона	ID	FK_Потребность_Персона3
dbo	Потребность	ID_Покупатель	dbo	Контрагент	ID	FK_Потребность_Контрагент
dbo	Потребность	ID_ПортПогрузки	dbo	НаселенныйПункт	ID	FK_Потребность_НаселенныйПункт1
dbo	Потребность	ID_ПортРазгрузки	dbo	НаселенныйПункт	ID	FK_Потребность_НаселенныйПункт2
dbo	Потребность	ID_Поставщик	dbo	Контрагент	ID	FK_Потребность_Контрагент1
dbo	Потребность	ID_Проект	dbo	Проект	ID	FK_Потребность_Проект
dbo	Потребность	ID_ПунктОтправления	dbo	Место_обработки_грузов	ID	FK_Потребность_Место_обработки_грузов
dbo	Потребность	ID_ПунктПерехода	dbo	НаселенныйПункт	ID	FK_Потребность_НаселенныйПункт
dbo	Потребность	ID_СкладПолучателя	dbo	Место_обработки_грузов	ID	FK_Потребность_Место_обработки_грузов1
dbo	Потребность	ID_Статус	dbo	Статус_Потребности	ID	FK_Потребность_Статус_Потребности
dbo	Потребность	ID_СтатусРО	dbo	Статус_РО	ID	FK_Потребность_Статус_РО
dbo	Потребность	ID_СтатусСинхронизации	dbo	Статус_ПТиУ	ID	FK_Потребность_Статус_ПТиУ
dbo	Потребность	ID_СтранаОтгрузки	dbo	Страна	ID	FK_Потребность_Страна
dbo	Потребность	ID_СтранаРеэкспорта	dbo	Страна	ID	FK_Потребность_Страна1
dbo	Потребность	ID_ТипТЕ	dbo	Тип_Контейнера	ID	FK_Потребность_Тип_Контейнера
dbo	Потребность	ID_УсловияПоставки	dbo	Условия_По_Договору	ID	FK_Потребность_Условия_По_Договору
dbo	Потребность_Строка	ID_АдресПроизводителя	dbo	Адрес	ID	FK_Потребность_Строка_Адрес
dbo	Потребность_Строка	ID_АдресПроизводства	dbo	Адрес	ID	FK_Потребность_Строка_Адрес1
dbo	Потребность_Строка	ID_БазоваяЕдиницаИзмерения	dbo	Единица_Измерения	ID	FK_Потребность_Строка_Единица_Измерения
dbo	Потребность_Строка	ID_ВидУпаковки	dbo	Тип_Упаковки_контейнера	ID	FK_Потребность_Строка_Тип_Упаковки_контейнера
dbo	Потребность_Строка	ID_ЗаказЕдиницаИзмерения	dbo	Единица_Измерения	ID	FK_Потребность_Строка_Единица_Измерения2
dbo	Потребность_Строка	ID_КлассОпасности	dbo	КлассОпасностиГруза	ID	FK_Потребность_Строка_КлассОпасностиГруза
dbo	Потребность_Строка	ID_КодТНВЭД	dbo	КодТНВЭД	ID	FK_Потребность_Строка_КодТНВЭД
dbo	Потребность_Строка	ID_Потребность	dbo	Потребность	ID	FK_Потребность_Строка_Потребность
dbo	Потребность_Строка	ID_ПотребностьЕдиницаИзмерения	dbo	Единица_Измерения	ID	FK_Потребность_Строка_Единица_Измерения1
dbo	Потребность_Строка	ID_ПравообладательВРФ	dbo	Контрагент	ID	FK_Потребность_Строка_Контрагент2
dbo	Потребность_Строка	ID_Производитель	dbo	Контрагент	ID	FK_Потребность_Строка_Контрагент
dbo	Потребность_Строка	ID_СтатусЗаказа	dbo	Статус_РО	ID	FK_Потребность_Строка_СтатусЗаказа
dbo	Потребность_Строка	ID_СтранаПроисхождения	dbo	Страна	ID	FK_Потребность_Строка_Страна
dbo	Потребность_Строка	ID_Строка	dbo	Потребность_Строка	ID	FK_Потребность_Строка_Потребность_Строка
dbo	Потребность_Строка	ID_Упаковка2Ур	dbo	Единица_Измерения	ID	FK_Потребность_Строка_Единица_Измерения3
dbo	Потребность_Строка	ID_Экспортер	dbo	Контрагент	ID	FK_Потребность_Строка_Контрагент1
dbo	Потребность_Строка	KOD_Валюта	dbo	Валюта	KOD	FK_Потребность_Строка_Валюта
dbo	ПотребностьСтрокаUoM	ID_ЕдиницаИзмерения	dbo	Единица_Измерения	ID	FK_ПотребностьСтрокаUoM_Единица_Измерения
dbo	ПотребностьСтрокаUoM	ID_ПотребностьСтрока	dbo	Потребность_Строка	ID	FK_ПотребностьСтрокаUoM_Потребность_Строка
dbo	Пошлины_ГТД	ID_КатегорияСчета	dbo	Категория_счета	ID	FK_Пошлины_ГТД_Категория_счета
dbo	Пошлины_ГТД	ID_КодОперации	dbo	Коды_операций	ID	FK_Пошлины_ГТД_Коды_операций
dbo	Пошлины_ГТД	ID_Контрагент	dbo	Контрагент	ID	FK_Пошлины_ГТД_Контрагент
dbo	Пошлины_ГТД	ID_МестоОбработки	dbo	Место_обработки_грузов	ID	FK_Пошлины_ГТД_Место_обработки_грузов
dbo	Пошлины_ГТД	ID_НомЕдиница	dbo	Тип_номенклатурной_единицы	ID	FK_Пошлины_ГТД_Тип_номенклатурной_единицы
dbo	Пошлины_ГТД	ID_РасчетныйСчет	dbo	РасчетныйСчет	ID	FK_Пошлины_ГТД_РасчетныйСчет
dbo	Пошлины_ГТД	ID_ТипДокументаГТД	dbo	Тип_Документа_ГТД	ID	FK_Пошлины_ГТД_Тип_Документа_ГТД
dbo	Правила_премирования	ID_Роль	dbo	Роль_Для_Премирования	ID	FK_Правила_премирования_Роль_Для_Премирования
dbo	Правило_Нумерации	CurEditUserID	dbo	Персона	ID	FK_Правило_Нумерации_Персона
dbo	Правило_Нумерации	ID_Parent	dbo	Правило_Нумерации	ID	FK_Правило_Нумерации_Правило_Нумерации
dbo	Правило_Нумерации	ID_СвояФирма	dbo	Контрагент	ID	FK_Правило_Нумерации_Контрагент
dbo	Правило_Уведомления	ID_БП	dbo	БизнессПроцесс	ID	FK_Правило_Уведомления_БизнессПроцесс
dbo	Правило_Уведомления	ID_Важность	dbo	Задача_Важность	ID	FK_Правило_Уведомления_Задача_Важность
dbo	Правило_Уведомления	ID_Тип	dbo	Тип_Уведомления	ID	FK_Правило_Уведомления_Тип_Уведомления
dbo	Предварительный_расчет	ID_Агент	dbo	Контрагент	ID	FK_Предварительный_расчет_Контрагент
dbo	Предварительный_расчет	ID_Брокер	dbo	Контрагент	ID	FK_Предварительный_расчет_Контрагент1
dbo	Предварительный_расчет	ID_Инкотермс	dbo	Код_Инкотермс	ID	FK_Предварительный_расчет_Код_Инкотермс
dbo	Предварительный_расчет	ID_МенеджерКомСлужбы	dbo	Персона	ID	FK_Предварительный_расчет_Персона
dbo	Предварительный_расчет	ID_МенеджерРасчета	dbo	Персона	ID	FK_Предварительный_расчет_Персона1
dbo	Предварительный_расчет	ID_МестоДоставки	dbo	Место_обработки_грузов	ID	FK_Предварительный_расчет_Место_обработки_грузов
dbo	Предварительный_расчет	ID_Направление	dbo	Товарное_направление	ID	FK_Предварительный_расчет_Товарное_направление
dbo	Предварительный_расчет	ID_ПунктОтгрузки	dbo	НаселенныйПункт	ID	FK_Предварительный_расчет_НаселенныйПункт
dbo	Предварительный_расчет	ID_Статус	dbo	Статус_ПредРасчета	ID	FK_Предварительный_расчет_Статус_ПредРасчета
dbo	Предварительный_расчет	ID_Схема	dbo	Запрос_варианты	ID	FK_Предварительный_расчет_Запрос_варианты
dbo	Предварительный_расчет	ID_Таможня	dbo	Место_обработки_грузов	ID	FK_Предварительный_расчет_Место_обработки_грузов1
dbo	Предварительный_расчет	ID_ТипТЕ	dbo	Тип_Контейнера	ID	FK_Предварительный_расчет_Тип_Контейнера
dbo	Предварительный_расчет_Товары	ID_Валюта	dbo	Валюта	KOD	FK_Предварительный_расчет_Товары_Валюта
dbo	Предварительный_расчет_Товары	ID_КодТНВЭД	dbo	КодТНВЭД	ID	FK_Предварительный_расчет_Товары_КодТНВЭД
dbo	Предварительный_расчет_Товары	ID_Расчет	dbo	Предварительный_расчет	ID	FK_Предварительный_расчет_Товары_Предварительный_расчет
dbo	Предварительный_расчет_Товары	ID_Страна	dbo	Страна	ID	FK_Предварительный_расчет_Товары_Страна
dbo	Предварительный_расчет_Услуги	ID_КодОперации	dbo	Коды_операций	ID	FK_Предварительный_расчет_Услуги_Коды_операций
dbo	Предварительный_расчет_Услуги	ID_ПунктНазн	dbo	НаселенныйПункт	ID	FK_Предварительный_расчет_Услуги_НаселенныйПункт1
dbo	Предварительный_расчет_Услуги	ID_ПунктОтпр	dbo	НаселенныйПункт	ID	FK_Предварительный_расчет_Услуги_НаселенныйПункт
dbo	Предварительный_расчет_Услуги	ID_Расчет	dbo	Предварительный_расчет	ID	FK_Предварительный_расчет_Услуги_Предварительный_расчет
dbo	Предварительный_расчет_Услуги	ID_Услуга	dbo	Тип_номенклатурной_единицы	ID	FK_Предварительный_расчет_Услуги_Тип_номенклатурной_единицы
dbo	Прейскурант	ID_Валюта	dbo	Валюта	KOD	FK_Прейскурант_Валюта
dbo	Прейскурант	ID_Группы_Товаров	dbo	Вид_товара	ID	Прейскурант_fk
dbo	Прейскурант	ID_Единица	dbo	Единица_Измерения	ID	FK_Прейскурант_Единица_Измерения
dbo	Прейскурант	ID_Контрагент	dbo	Контрагент	ID	FK_Прейскурант_Контрагент
dbo	Прейскурант	ID_Налога	dbo	Вид_Налога	ID	FK_Прейскурант_Вид_Налога
dbo	Премии_Штрафы	ID_Валюта	dbo	Валюта	KOD	FK_Премии_Штрафы_Валюта
dbo	Премии_Штрафы	ID_Сотрудник	dbo	Персона	ID	FK_Премии_Штрафы_Персона
dbo	Примечание	ID_Примечания	dbo	Примечание	ID	FK_Примечание_Примечание
dbo	Примечание	ID_Тип	dbo	Примечание_Тип	ID	FK_Примечание_Примечание_Тип
dbo	Примечание	ID_Шаблон	dbo	Шаблоны_Примечаний	ID	FK_Примечание_Шаблоны_Примечаний
dbo	Примечание_Прочитано	ID_Персона	dbo	Персона	ID	FK_Примечание_Прочитано_Персона
dbo	Примечание_Прочитано	ID_Примечание	dbo	Примечание	ID	FK_Примечание_Прочитано_Примечание
dbo	Проект	ID_Автор	dbo	Персона	ID	FK_Проект_Персона
dbo	Проект	ID_Руководитель	dbo	Персона	ID	FK_Проект_Персона1
dbo	Проект	ID_Статус	dbo	Статус_исполнения_документа	ID	FK_Проект_Статус_исполнения_документа
dbo	Проект_Персоны	ID_Проект	dbo	Проект	ID	FK_Проект_Персоны_Проект
dbo	Проект_Персоны	ID_Участник	dbo	Персона	ID	FK_Проект_Персоны_Персона
dbo	ПТиУ	ID_Валюта	dbo	Валюта	KOD	FK_ПТиУ_Валюта
dbo	ПТиУ	ID_Договор	dbo	Документ	ID	FK_ПТиУ_Документ
dbo	ПТиУ	ID_КатегорияСчета	dbo	Категория_счета	ID	FK_ПТиУ_Категория_счета
dbo	ПТиУ	ID_Контрагент	dbo	Контрагент	ID	FK_ПТиУ_Контрагент
dbo	ПТиУ	ID_Персона	dbo	Персона	ID	FK_ПТиУ_Персона
dbo	ПТиУ	ID_Плательщик	dbo	Контрагент	ID	FK_ПТиУ_Контрагент2
dbo	ПТиУ	ID_Получатель	dbo	Контрагент	ID	FK_ПТиУ_Контрагент3
dbo	ПТиУ	ID_СвояФирма	dbo	Контрагент	ID	FK_ПТиУ_Контрагент1
dbo	ПТиУ	ID_Статус	dbo	Статус_исполнения_документа	ID	FK_ПТиУ_Статус_исполнения_документа
dbo	ПТиУ	Признак1С	dbo	Признак_Выгрузки_1С	ID	FK_ПТиУ_Признак_Выгрузки_1С
dbo	Разнарядка_Местоположение	ID_Валюта	dbo	Валюта	KOD	FK_Разнарядка_Местоположение_Валюта
dbo	Разнарядка_Местоположение	ID_Грузоотправитель	dbo	Контрагент	ID	FK_Разнарядка_Местоположение_Контрагент
dbo	Разнарядка_Местоположение	ID_Грузополучатель	dbo	Контрагент	ID	FK_Разнарядка_Местоположение_Контрагент1
dbo	Разнарядка_Местоположение	ID_ГСМ	dbo	Виды_ГСМ	ID	FK_Разнарядка_Местоположение_Виды_ГСМ
dbo	Разнарядка_Местоположение	ID_Документ	dbo	Документ	ID	FK_Разнарядка_Местоположение_Документ
dbo	Разнарядка_Местоположение	ID_ЕдИзм	dbo	Единица_Измерения	ID	FK_Разнарядка_Местоположение_Единица_Измерения
dbo	Разнарядка_Местоположение	ID_Место	dbo	Место_обработки_грузов	ID	FK_Разнарядка_Местоположение_Место_обработки_грузов
dbo	Разнарядка_Местоположение	ID_МестоНазн	dbo	Место_обработки_грузов	ID	FK_Разнарядка_Местоположение_Место_обработки_грузов1
dbo	Разнарядка_Местоположение	ID_МестоОтпр	dbo	Место_обработки_грузов	ID	FK_Разнарядка_Местоположение_Место_обработки_грузов2
dbo	Разнарядка_Местоположение	ID_НасПункт	dbo	НаселенныйПункт	ID	FK_Разнарядка_Местоположение_НаселенныйПункт
dbo	Разнарядка_Местоположение	ID_Операция	dbo	Операция_Рейса	ID	FK_Разнарядка_Местоположение_Операция_Рейса
dbo	Разнарядка_Местоположение	ID_СервисСлежения	dbo	Сервис_Слежения	ID	FK_Разнарядка_Местоположение_Сервис_Слежения
dbo	Разнарядка_Параметры	ID_Тип	dbo	UserFieldType	ID	FK_Разнарядка_Параметры_UserFieldType
dbo	Разнарядка_Параметры_Значения	ID_Параметр	dbo	Разнарядка_Параметры	ID	FK_Разнарядка_Параметры_Значения_Разнарядка_Параметры
dbo	Разноска_Платежей	ID_Платеж	dbo	Платеж	ID	FK_Разноска_Платежей_Платеж
dbo	Разноска_Платежей	ID_Способ_Разноски	dbo	Способ_Разноски	ID	FK_Разноска_Платежей_Способ_Разноски
dbo	Разноска_Платежей	ID_Счет	dbo	Счет	ID	FK_Разноска_Платежей_Счет
dbo	Разноска_Платежей	ID_СчетДебет	dbo	ПланыСчетовУчета	ID	FK_Разноска_Платежей_ПланыСчетовУчета
dbo	Разноска_Платежей	ID_СчетКредит	dbo	ПланыСчетовУчета	ID	FK_Разноска_Платежей_ПланыСчетовУчета1
dbo	РасписаниеЛиний	Carrier	dbo	Контрагент	ID	FK_РасписаниеЛиний_Контрагент
dbo	РасписаниеЛиний	Pod	dbo	НаселенныйПункт	ID	FK_РасписаниеЛиний_Pod_Населенный_Пункт
dbo	РасписаниеЛиний	Pod_Country	dbo	Страна	ID	FK_РасписаниеЛиний_Pod_Страна
dbo	РасписаниеЛиний	Pod_Terminal	dbo	Место_обработки_грузов	ID	FK_РасписаниеЛиний_Pod_Место_обработки_грузов
dbo	РасписаниеЛиний	Pod_Vessel	dbo	Транспортное_Средство	ID	FK_РасписаниеЛиний_Pod_Транспортное_Средство
dbo	РасписаниеЛиний	Pol	dbo	НаселенныйПункт	ID	FK_РасписаниеЛиний_Pol_НаселенныйПункт
dbo	РасписаниеЛиний	Pol_Country	dbo	Страна	ID	FK_РасписаниеЛиний_Pol_Страна
dbo	РасписаниеЛиний	Pol_Terminal	dbo	Место_обработки_грузов	ID	FK_РасписаниеЛиний_Pol_Место_обработки_грузов
dbo	РасписаниеЛиний	Pol_Vessel	dbo	Транспортное_Средство	ID	FK_РасписаниеЛиний_Pol_Транспортное_Средство
dbo	РасписаниеЛиний	Quota_UOM	dbo	Тип_Контейнера	ID	FK_РасписаниеЛиний_Тип_Контейнера
dbo	Распределения	ID_XMLДокумент	dbo	EDI_Message_Income	ID	FK_Распределения_EDI_Message_Income
dbo	Распределения	ID_Валюта	dbo	Валюта	KOD	FK_Распределения_Валюта
dbo	Распределения	ID_Водитель	dbo	Персона	ID	FK_Распределения_Персона
dbo	Распределения	ID_РЦ_Получатель	dbo	Место_обработки_грузов	ID	FK_Распределения_Место_обработки_грузов
dbo	Распределения	ID_Статус	dbo	Статус_Распределения	ID	FK_Распределения_Статус_Распределения
dbo	Распределения	ID_ТС	dbo	Транспортное_Средство	ID	FK_Распределения_Транспортное_Средство
dbo	Расчет_ТП	ID_Отгрузка	dbo	Отгрузка	ID	FK_Расчет_ТП_Отгрузка
dbo	Расчет_ТП	ID_Статус	dbo	Статус_Расчет_ТП	ID	FK_Расчет_ТП_Статус_Расчет_ТП
dbo	Расчет_ТП_Строка	ID_Расчет_ТП	dbo	Расчет_ТП	ID	FK_Расчет_ТП_Строка_Расчет_ТП
dbo	Расчет_ТП_Строка	ID_Серия_Товаров	dbo	Серия_номенклатуры	ID	FK_Расчет_ТП_Строка_Серия_номенклатуры
dbo	РасчетныйСчет	ID_Банк	dbo	Банк	ID	FK_РасчетныйСчет_Банк
dbo	РасчетныйСчет	ID_Валюта	dbo	Валюта	KOD	FK_РасчетныйСчет_Валюта
dbo	РасчетныйСчет	ID_ВидОплаты	dbo	Вид_Оплаты	ID	FK_РасчетныйСчет_Вид_Оплаты
dbo	РасчетныйСчет	ID_Контрагент	dbo	Контрагент	ID	FK_РасчетныйСчет_Контрагент
dbo	РасчетныйСчет	ID_ТипСчета	dbo	Тип_Расчетного_Счета	ID	FK_РасчетныйСчет_Тип_Расчетного_Счета
dbo	Регион	ID_КодирующаяОрганизация	dbo	КодирующаяОрганизация	ID	FK_Регион_КодирующаяОрганизация
dbo	Регион	ID_Страна	dbo	Страна	ID	FK_Регион_Страна
dbo	Реестры_подтверждения_НДС0	ID_Налогоплательщик	dbo	Контрагент	ID	FK_Реестры_подтверждения_НДС0_Контрагент
dbo	Реестры_подтверждения_НДС0	ID_Статус	dbo	Статус_исполнения_документа	ID	FK_Реестры_подтверждения_НДС0_Статус_исполнения_документа
dbo	Реестры_подтверждения_НДС0_Строки	ID_Реестр	dbo	Реестры_подтверждения_НДС0	ID	FK_Реестры_подтверждения_НДС0_Строки_Реестры_подтверждения_НДС0
dbo	Реестры_подтверждения_НДС0_Строки	ID_СтрокаСчета	dbo	Контейнер_Услуги_Счета	ID	FK_Реестры_подтверждения_НДС0_Строки_Контейнер_Услуги_Счета
dbo	РежимДТ2	ID_Группа	dbo	РежимДТ	ID	FK_РежимДТ2_РежимДТ
dbo	Рейс	ID	dbo	Рейс	ID	FK_Рейс_Рейс
dbo	Рейс	ID	dbo	Рейс	ID	FK_Рейс_Рейс1
dbo	Рейс	ID_CurUser	dbo	Персона	ID	FK_Рейс_Персона3
dbo	Рейс	ID_Адрес_Назначения	dbo	Адрес	ID	FK_Рейс_Адрес1
dbo	Рейс	ID_Адрес_Отправления	dbo	Адрес	ID	FK_Рейс_Адрес
dbo	Рейс	ID_ВидЗагрузки	dbo	Вид_Загрузки	ID	FK_Рейс_Вид_Загрузки
dbo	Рейс	ID_Водитель	dbo	Персона	ID	FK_Рейс_Персона2
dbo	Рейс	ID_ДопТС	dbo	Транспортное_Средство	ID	FK_Рейс_Транспортное_Средство1
dbo	Рейс	ID_Контакт_Назначения	dbo	Персона_Средство_Связи	ID	FK_Рейс_Персона_Средство_Связи1
dbo	Рейс	ID_Контакт_Отправления	dbo	Персона_Средство_Связи	ID	FK_Рейс_Персона_Средство_Связи
dbo	Рейс	ID_КонтИзЗаявкиНаПеревозку	dbo	Контейнер	ID	FK_Рейс_Контейнер
dbo	Рейс	ID_КонтрагентСВХ	dbo	Контрагент	ID	FK_Рейс_Контрагент5
dbo	Рейс	ID_Маршрут	dbo	Маршрут	ID	FK_Рейс_Маршрут
dbo	Рейс	ID_Место_Затаможки	dbo	Место_обработки_грузов	ID	FK_Рейс_Место_обработки_грузов2
dbo	Рейс	ID_Место_Назначения	dbo	Место_обработки_грузов	ID	FK_Рейс_Место_обработки_грузов1
dbo	Рейс	ID_Место_Отправления	dbo	Место_обработки_грузов	ID	FK_Рейс_Место_обработки_грузов
dbo	Рейс	ID_Место_Растаможки	dbo	Место_обработки_грузов	ID	FK_Рейс_Место_обработки_грузов3
dbo	Рейс	ID_НасПункт_Назначения	dbo	НаселенныйПункт	ID	FK_Рейс_НаселенныйПункт1
dbo	Рейс	ID_НасПункт_Отправления	dbo	НаселенныйПункт	ID	FK_Рейс_НаселенныйПункт
dbo	Рейс	ID_ОсновноеТС	dbo	Транспортное_Средство	ID	FK_Рейс_Транспортное_Средство
dbo	Рейс	ID_ОтвЛицо_Назначения	dbo	Персона	ID	FK_Рейс_Персона1
dbo	Рейс	ID_ОтвЛицо_Отправления	dbo	Персона	ID	FK_Рейс_Персона
dbo	Рейс	ID_Перевозчик	dbo	Контрагент	ID	FK_Рейс_Контрагент
dbo	Рейс	ID_Подтип	dbo	Подтип_Рейса	ID	FK_Рейс_Подтип_Рейса
dbo	Рейс	ID_Сопровождение	dbo	Контрагент	ID	FK_Рейс_Контрагент4
dbo	Рейс	ID_СредствоСвязи_Водитель	dbo	Персона_Средство_Связи	ID	FK_Рейс_Персона_Средство_Связи2
dbo	Рейс	ID_СтатусРейса	dbo	Статус_Рейса	ID	FK_Рейс_Статус_Рейса
dbo	Рейс	ID_Сюрвейер	dbo	Контрагент	ID	FK_Рейс_Контрагент1
dbo	Рейс	ID_ТипКонтейнера	dbo	Тип_Контейнера	ID	FK_Рейс_Тип_Контейнера
dbo	Рейс	ID_ТипРейса	dbo	Тип_Рейса	ID	FK_Рейс_Тип_Рейса
dbo	Рейс	ID_Экспедитор_Назначения	dbo	Контрагент	ID	FK_Рейс_Контрагент3
dbo	Рейс	ID_Экспедитор_Отправления	dbo	Контрагент	ID	FK_Рейс_Контрагент2
dbo	Рейс_Груз	ID_Груз	dbo	Контейнер	ID	FK_Рейс_Груз_Контейнер
dbo	Рейс_Груз	ID_Рейс	dbo	Рейс	ID	FK_Рейс_Груз_Рейс
dbo	Рейс_Операции_Грузы	ID_Груз	dbo	Контейнер	ID	FK_Рейс_Операции_Грузы_Контейнер
dbo	Рейс_Операции_Грузы	ID_ОперацияРейса	dbo	Рейс_Операция	ID	FK_Рейс_Операции_Грузы_Рейс_Операция
dbo	Рейс_Операция	ID_Адрес	dbo	Адрес	ID	FK_Рейс_Операция_Адрес
dbo	Рейс_Операция	ID_МестоОбработки	dbo	Место_обработки_грузов	ID	Рейс_Операция_fk3
dbo	Рейс_Операция	ID_НасПункт	dbo	НаселенныйПункт	ID	Рейс_Операция_fk2
dbo	Рейс_Операция	ID_Операция	dbo	Операция_Рейса	ID	Рейс_Операция_fk4
dbo	Рейс_Операция	ID_Рейс	dbo	Рейс	ID	Рейс_Операция_fk
dbo	Релиз	ID_Notify	dbo	Контрагент	ID	FK_Релиз_Контрагент1
dbo	Релиз	ID_АгентЛинии	dbo	Контрагент	ID	FK_Релиз_Контрагент2
dbo	Релиз	ID_Статус	dbo	СтатусРелиза	ID	FK_Релиз_СтатусРелиза
dbo	Релиз	ID_СтатусОтправки	dbo	СтатусОтправкиРелиза	ID	FK_Релиз_СтатусОтправкиРелиза
dbo	Релиз	ID_Терминал	dbo	Контрагент	ID	FK_Релиз_Контрагент3
dbo	Релиз	ID_Тип	dbo	Тип_Релиза	ID	FK_Релиз_Тип_Релиза
dbo	Релиз	ID_Экспедитор	dbo	Контрагент	ID	FK_Релиз_Контрагент
dbo	РС_ОтложенныйПлатеж	ID_ТипКР	dbo	Тип_КурсовойРазницы	ID	FK_РС_ОтложенныйПлатеж_Тип_КурсовойРазницы
dbo	РС_ОтложенныйПлатеж	KOD_Валюты	dbo	Валюта	KOD	FK_РС_ОтложенныйПлатеж_Валюта
dbo	Серия_номенклатуры	ID_Груз_Товар	dbo	Груз_Товар	ID	FK_Серия_номенклатуры_Груз_Товар
dbo	Серия_номенклатуры	ID_ДТ	dbo	Декларация	ID	FK_Серия_номенклатуры_Декларация
dbo	Серия_номенклатуры	ID_Серия	dbo	Серия_номенклатуры	ID	FK_Серия_номенклатуры_Серия_номенклатуры
dbo	Серия_номенклатуры	ID_Страна_Отгрузки	dbo	Страна	ID	FK_Серия_номенклатуры_Страна1
dbo	Серия_номенклатуры	ID_Страна_Происхождения	dbo	Страна	ID	FK_Серия_номенклатуры_Страна
dbo	Серия_номенклатуры	ID_ТЕ	dbo	ТранспортныеЕдиницы	ID	FK_Серия_номенклатуры_Оборудование
dbo	Серия_Номенклатуры_ДопПоля	ID_Серия_номенклатуры	dbo	Серия_номенклатуры	ID	FK_Серия_Номенклатуры_ДопПоля_Серия_номенклатуры
dbo	Серия_Номенклатуры_ДопПоля	ID_ТО_Населенный_Пункт	dbo	НаселенныйПункт	ID	FK_Серия_Номенклатуры_ДопПоля_НаселенныйПункт
dbo	СертификатVGM	ID_Cертификат_место	dbo	Место_обработки_грузов	ID	FK_СертификатVGM_Место_обработки_грузов
dbo	СертификатVGM	ID_Заявка	dbo	Запрос_План	ID	FK_СертификатVGM_Запрос_План
dbo	СертификатVGM	ID_Контейнер	dbo	Контейнер	ID	FK_СертификатVGM_Контейнер
dbo	СертификатVGM	ID_Сертификат_грузоотправитель	dbo	Контрагент	ID	FK_СертификатVGM_Контрагент
dbo	СертификатVGM	ID_Скан	dbo	Документ	ID	FK_СертификатVGM_Документ
dbo	Событие	ID_Поле	dbo	Событие_Поля	ID	FK_Событие_Событие_Поля
dbo	Событие_История	ID_Объект	dbo	Объект	ID	FK_Событие_История_Объект
dbo	Событие_История	ID_Пользователь	dbo	Персона	ID	FK_Событие_История_Персона
dbo	Событие_Поля	ID_Объект	dbo	Объект	ID	FK_Событие_Поля_Объект
dbo	СообшенияВСессииED	ID_Message	dbo	EDI_Message_Outcome	ID	FK_СообшенияВСессииED_EDI_Message_Outcome
dbo	Сообщение	ID_Важность	dbo	Задача_Важность	ID	FK_Сообщение_Задача_Важность
dbo	Сообщение	ID_Инициатор	dbo	Персона	ID	FK_Сообщение_Персона1
dbo	Сообщение	ID_Объект	dbo	Объект	ID	FK_Сообщение_Объект
dbo	Сообщение	ID_Отправитель	dbo	Персона	ID	FK_Сообщение_Персона
dbo	Сообщение	ID_Тип	dbo	Тип_Сообщения	ID	FK_Сообщение_Тип_Сообщения
dbo	Сообщения_TG	ID_TG	dbo	TG_UserLink	ID	FK_Сообщения_TG_TG_UserLink
dbo	Сообщения_Почты	ID_Важность	dbo	Задача_Важность	ID	FK_Сообщения_Почты_Задача_Важность
dbo	Сообщения_Почты	ID_Оригинал	dbo	Сообщения_Почты	ID	FK_Сообщения_Почты_Сообщения_Почты
dbo	Сообщения_Почты	ID_Отправитель	dbo	Персона	ID	FK_Сообщения_Почты_Персона
dbo	Сообщения_Почты_Контакты	ID_Контакт	dbo	Персона_Средство_Связи	ID	FK_Сообщения_Почты_Контакты_Персона_Средство_Связи
dbo	Сообщения_Почты_Контакты	ID_Контакт_КА	dbo	Контрагент_Средство_Связи	ID	FK_Сообщения_Почты_Контакты_Контрагент_Средство_Связи
dbo	Сообщения_Почты_Контакты	ID_Персона	dbo	Персона	ID	FK_Сообщения_Почты_Контакты_Персона
dbo	Сообщения_Почты_Контакты	ID_Сообщение	dbo	Сообщения_Почты	ID	FK_Сообщения_Почты_Контакты_Сообщения_Почты
dbo	Сообщения_Почты_Объект	ID_Объект	dbo	Объект	ID	FK_Сообщения_Почты_Объект_Объект
dbo	Сообщения_Почты_Объект	ID_Сообщение	dbo	Сообщения_Почты	ID	FK_Сообщения_Почты_Объект_Сообщения_Почты
dbo	Сообщения_Почты_Прочитано	ID_Персона	dbo	Персона	ID	FK_Сообщения_Почты_Прочитано_Персона
dbo	Сообщения_Почты_Прочитано	ID_Сообщение	dbo	Сообщения_Почты	ID	FK_Сообщения_Почты_Прочитано_Сообщения_Почты
dbo	Сообщения_Почты_Файлы	ID_Сообщение	dbo	Сообщения_Почты	ID	FK_Сообщения_Почты_Файлы_Сообщения_Почты
dbo	СоставКонтейнера	ID_Валюта	dbo	Валюта	KOD	FK_СоставКонтейнера_Валюта
dbo	СоставКонтейнера	ID_Груз	dbo	Контейнер	ID	FK_СоставКонтейнера_Контейнер
dbo	СоставКонтейнера	ID_Затарка	dbo	Запрос_План	ID	FK_СоставКонтейнера_Запрос_План
dbo	СоставКонтейнера	ID_ТипПломбы	dbo	Тип_Пломбы	ID	FK_СоставКонтейнера_Тип_Пломбы
dbo	СоставКонтейнера_Грузы	ID_Состав	dbo	СоставКонтейнера	ID	FK_СоставКонтейнера_Грузы_СоставКонтейнера
dbo	Список_Подписки	ID_Контакт	dbo	Персона_Средство_Связи	ID	FK_Список_Подписки_Персона_Средство_Связи
dbo	Список_Подписки	ID_Персона	dbo	Персона	ID	FK_Список_Подписки_Переход
dbo	Список_Подписки_Группы	ID_Группа	dbo	SecurityGroups	SecurityGroupID	FK_Список_Подписки_Группы_SecurityGroups
dbo	Список_Подписки_Портал	ID_Пользователь	dbo	portal_users	id	FK_Список_Подписки_Портал_portal_users
dbo	СписокЛинийWeb	ID_Type	dbo	Тип_Рейса	ID	FK_СписокЛинийWeb_Тип_Рейса
dbo	СредстваСлежения	ID_Активность	dbo	СредстваСлежения_Активность	ID	FK_СредстваСлежения_СредстваСлежения_Активность
dbo	Средство_Связи	ID_Префикс	dbo	ПрефиксыСсылок	ID	FK_Средство_Связи_ПрефиксыСсылок
dbo	Статус_Запроса	ID_Картинка	dbo	Статус_Запроса_Картинка	ID	FK_Статус_Запроса_Статус_Запроса_Картинка
dbo	Статус_перевозки_ТО	ID_КонтрольныеДаты	dbo	КонтрольныеДаты	ID	FK_Статус_перевозки_ТО_КонтрольныеДаты
dbo	Статус_Слежения	ID_Разнарядка	dbo	Запрос_План	ID	FK_Статус_Слежения_Запрос_План
dbo	Статус_Слежения	ID_Статус	dbo	Статус_Обработки_Слежения	ID	FK_Статус_Слежения_Статус_Обработки_Слежения
dbo	Статусы_Груза	ID_ASN	dbo	Отгрузка	ID	FK_Статусы_Груза_Отгрузка
dbo	Статусы_Груза	ID_Parent	dbo	Контейнер	ID	FK_Статусы_Груза_Контейнер1
dbo	Статусы_Груза	ID_PO	dbo	Потребность	ID	FK_Статусы_Груза_Потребность
dbo	Статусы_Груза	ID_ВидДоставки	dbo	ВидДоставки	ID	FK_Статусы_Груза_ВидДоставки
dbo	Статусы_Груза	ID_ГЕ	dbo	ТранспортныеЕдиницы	ID	FK_Статусы_Груза_ТранспортныеЕдиницы
dbo	Статусы_Груза	ID_Груз	dbo	Контейнер	ID	FK_Статусы_Груза_Контейнер
dbo	Статусы_Груза	ID_ДопТС	dbo	Транспортное_Средство	ID	FK_Статусы_Груза_Транспортное_Средство1
dbo	Статусы_Груза	ID_Контрагент	dbo	Контрагент	ID	FK_Статусы_Груза_Контрагент1
dbo	Статусы_Груза	ID_Линия	dbo	Контрагент	ID	FK_Статусы_Груза_Контрагент
dbo	Статусы_Груза	ID_Место	dbo	Место_обработки_грузов	ID	FK_Статусы_Груза_Место_обработки_грузов
dbo	Статусы_Груза	ID_Оборудование	dbo	Оборудование	ID	FK_Статусы_Груза_Оборудование
dbo	Статусы_Груза	ID_Объект	dbo	Объект	ID	FK_Статусы_Груза_Объект
dbo	Статусы_Груза	ID_Организация	dbo	Контрагент	ID	FK_Статусы_Груза_Контрагент2
dbo	Статусы_Груза	ID_Ответственный	dbo	Персона	ID	FK_Статусы_Груза_Персона
dbo	Статусы_Груза	ID_Пользователь	dbo	Персона	ID	FK_Статусы_Груза_Персона1
dbo	Статусы_Груза	ID_Пункт	dbo	НаселенныйПункт	ID	FK_Статусы_Груза_НаселенныйПункт
dbo	Статусы_Груза	ID_Состав	dbo	СоставКонтейнера	ID	FK_Статусы_Груза_СоставКонтейнера
dbo	Статусы_Груза	ID_Статус	dbo	Статус_перевозки_ТО	ID	FK_Статусы_Груза_Статус_перевозки_ТО
dbo	Статусы_Груза	ID_Страна	dbo	Страна	ID	FK_Статусы_Груза_Страна
dbo	Статусы_Груза	ID_ТипТЕ	dbo	Тип_Контейнера	ID	FK_Статусы_Груза_Тип_Контейнера
dbo	Статусы_Груза	ID_ТС	dbo	Транспортное_Средство	ID	FK_Статусы_Груза_Транспортное_Средство
dbo	Статусы_Груза	ID_Услуга	dbo	Тип_номенклатурной_единицы	ID	FK_Статусы_Груза_Тип_номенклатурной_единицы
dbo	Статусы_ЭД	ID_ДТ	dbo	Декларация	ID	FK_Статусы_ЭД_Декларация
dbo	Статьи_ДДС	ID_ВидОперации	dbo	Тип_Расчета	ID	FK_Статьи_ДДС_Тип_Расчета
dbo	Статьи_ДДС	ID_Группы	dbo	Статьи_ДДС	ID	FK_Статьи_ДДС_Статьи_ДДС
dbo	Статьи_оборотов	ID_Группы	dbo	Статьи_оборотов	ID	FK_Статьи_оборотов_Статьи_оборотов
dbo	Сток	ID_Депо	dbo	Место_обработки_грузов	ID	FK_Сток_Место_обработки_грузов
dbo	Страна	ID_КодирующаяОрганизация	dbo	КодирующаяОрганизация	ID	FK_Страна_КодирующаяОрганизация
dbo	Страна	ID_ЛогистическоеНаправление	dbo	Логистические_направления	ID	FK_Страна_Логистические_направления
dbo	Страна_Флаги	ID_Страна	dbo	Страна	ID	FK_Страна_Флаги_Страна
dbo	Счет	Cur_UserID	dbo	Персона	ID	FK_Счет_Персона1
dbo	Счет	ID	dbo	Счет	ID	FK_Счет_Счет2
dbo	Счет	ID_Адрес_Грузоотправитель	dbo	Адрес	ID	FK_Счет_Адрес2
dbo	Счет	ID_Адрес_Грузополучатель	dbo	Адрес	ID	FK_Счет_Адрес1
dbo	Счет	ID_Аналитика	dbo	Аналитика	ID	FK_Счет_Аналитика
dbo	Счет	ID_БазоваяВалюта	dbo	Валюта	KOD	FK_Счет_Валюта1
dbo	Счет	ID_ВалНаБаланс	dbo	Валюта	KOD	FK_Счет_Валюта2
dbo	Счет	ID_Валюта	dbo	Валюта	KOD	FK_Счет_Валюта
dbo	Счет	ID_ВидОплаты	dbo	Вид_Оплаты	ID	FK_Счет_Вид_Оплаты
dbo	Счет	ID_ВидУчета	dbo	Вид_Учета	ID	FK_Счет_Вид_Учета
dbo	Счет	ID_Грузоотправитель	dbo	Контрагент	ID	FK_Счет_Контрагент4
dbo	Счет	ID_Грузополучатель	dbo	Контрагент	ID	FK_Счет_Контрагент5
dbo	Счет	ID_ГТД	dbo	Декларация	ID	FK_Счет_Декларация
dbo	Счет	ID_Договор	dbo	Документ	ID	FK_Счет_Документ
dbo	Счет	ID_КатегорияСчета	dbo	Категория_счета	ID	FK_Счет_Категория_счета
dbo	Счет	ID_Контрагент	dbo	Контрагент	ID	FK_Счет_Контрагент
dbo	Счет	ID_Контрагент_Первичный	dbo	Контрагент	ID	FK_Счет_Контрагент6
dbo	Счет	ID_Менеджер	dbo	Персона	ID	FK_Счет_Персона
dbo	Счет	ID_ОператорЭДО	dbo	ОператорЭДО	ID	FK_Счет_ОператорЭДО
dbo	Счет	ID_ПериодУУ	dbo	Периоды_УУ	ID	FK_Счет_Периоды_УУ
dbo	Счет	ID_Плательщик	dbo	Контрагент	ID	FK_Счет_Контрагент2
dbo	Счет	ID_Получатель	dbo	Контрагент	ID	FK_Счет_Контрагент3
dbo	Счет	ID_Приоритет	dbo	Приоритет_Оплаты	ID	FK_Счет_Приоритет_Оплаты
dbo	Счет	ID_РасчетныйСчет	dbo	РасчетныйСчет	ID	FK_Счет_РасчетныйСчет
dbo	Счет	ID_РС_Плательщика	dbo	РасчетныйСчет	ID	FK_Счет_РасчетныйСчет1
dbo	Счет	ID_Собственная_фирма	dbo	Контрагент	ID	FK_Счет_Контрагент1
dbo	Счет	ID_СпособРазноски	dbo	Способ_Разноски	ID	FK_Счет_Способ_Разноски
dbo	Счет	ID_Статус	dbo	Статус_исполнения_документа	ID	FK_Счет_Статус_исполнения_документа
dbo	Счет	ID_СчетДебет	dbo	ПланыСчетовУчета	ID	FK_Счет_ПланыСчетовУчета
dbo	Счет	ID_СчетКредит	dbo	ПланыСчетовУчета	ID	FK_Счет_ПланыСчетовУчета1
dbo	Счет	ID_СчетОригинал	dbo	Счет	ID	FK_Счет_Счет
dbo	Счет	ID_СчетСвязанный	dbo	Счет	ID	FK_Счет_Счет1
dbo	Счет	ID_УслугаСтрока	dbo	Тип_номенклатурной_единицы	ID	FK_Счет_Тип_номенклатурной_единицы
dbo	Счет	ID_ЦентрДС	dbo	Центр_Учета_Денег	ID	FK_Счет_Центр_Учета_Денег
dbo	Счет	IDCFO	dbo	ЦФО	ID	FK_Счет_ЦФО
dbo	Счет	Признак1С	dbo	Признак_Выгрузки_1С	ID	FK_Счет_Признак_Выгрузки_1С
dbo	Счет_ЗаявкаНаОплату	ID_ЗаявкаНаОплату	dbo	ЗаявкаНаОплату	ID	FK_Счет_ЗаявкаНаОплату_ЗаявкаНаОплату
dbo	Счет_ЗаявкаНаОплату	ID_Счет	dbo	Счет	ID	FK_Счет_ЗаявкаНаОплату_Счет
dbo	Счет_ПТиУ	ID_ПТиУ	dbo	ПТиУ	ID	FK_Счет_ПТиУ_ПТиУ
dbo	Счет_ПТиУ	ID_Счет	dbo	Счет	ID	FK_Счет_ПТиУ_Счет
dbo	ТаможеннаяАналитика	ID_ВидАналитики	dbo	Вид_Аналитики	ID	FK_ТаможеннаяАналитика_Вид_Аналитики
dbo	ТаможеннаяАналитика	ID_КодТНВЭД	dbo	КодТНВЭД	ID	FK_ТаможеннаяАналитика_КодТНВЭД
dbo	ТаможеннаяАналитика	ID_СтранаПроисхождения	dbo	Страна	ID	FK_ТаможеннаяАналитика_Страна
dbo	ТаможеннаяАналитика	ID_ТаможеннаяМера	dbo	Таможенная_мера	ID	FK_ТаможеннаяАналитика_Таможенная_мера
dbo	ТаможеннаяАналитика	ID_ТаможенныйПост	dbo	Место_обработки_грузов	ID	FK_ТаможеннаяАналитика_Место_обработки_грузов
dbo	ТаможенныеПреференции	ID_КодТНВЭД	dbo	КодТНВЭД	ID	FK_ТаможенныеПреференции_КодТНВЭД
dbo	ТаможенныеПреференции	ID_ТаможеннаяЛьгота	dbo	ТаможенныеЛьготы	ID	FK_ТаможенныеПреференции_ТаможенныеЛьготы
dbo	Тариф_ЗаявкаНаПеревозку	ID_ЗаявкаНаПеревозку	dbo	ЗаявкаНаПеревозку	ID	FK_Тариф_ЗаявкаНаПеревозку_ЗаявкаНаПеревозку
dbo	Тариф_ЗаявкаНаПеревозку	ID_Тариф	dbo	Тарифы	ID	FK_Тариф_ЗаявкаНаПеревозку_Тарифы
dbo	Тариф_Разнарядка	ID_Разнарядка	dbo	Запрос_План	ID	FK_Тариф_Разнарядка_Запрос_План
dbo	Тариф_Разнарядка	ID_Тариф	dbo	Тарифы	ID	FK_Тариф_Разнарядка_Тарифы
dbo	Тарифы	ID_Валюта	dbo	Валюта	KOD	FK_Тарифы_Валюта
dbo	Тарифы	ID_Договор	dbo	Документ	ID	FK_Тарифы_Документ
dbo	Тарифы	ID_ЕдиницаИзмерения	dbo	Единица_Измерения	ID	FK_Тарифы_Единица_Измерения
dbo	Тарифы	ID_Контрагент	dbo	Контрагент	ID	FK_Тарифы_Контрагент
dbo	Тарифы	ID_Маршрутизация	dbo	Маршрутизация_разнарядок	ID	FK_Тарифы_Маршрутизация_разнарядок
dbo	Тарифы	ID_Налог	dbo	Вид_Налога	ID	FK_Тарифы_Вид_Налога
dbo	Тарифы	ID_Направление	dbo	Направление_платежей	ID	FK_Тарифы_Направление_платежей
dbo	Тарифы	ID_НоменклатурнаяЕдиница	dbo	Тип_номенклатурной_единицы	ID	FK_Тарифы_Тип_номенклатурной_единицы
dbo	Тарифы	ID_ОбъектНачисления	dbo	ОбъектНачисленияТарифа	ID	FK_Тарифы_ОбъектНачисленияТарифа
dbo	Тарифы	ID_ОбъектРасчета	dbo	ОбъектРасчетаТарифа	ID	FK_Тарифы_ОбъектРасчетаТарифа
dbo	Тарифы	ID_Получатель	dbo	Контрагент	ID	FK_Тарифы_Контрагент2
dbo	Тарифы	ID_СвояФирма	dbo	Контрагент	ID	FK_Тарифы_Контрагент1
dbo	Тарифы	ID_Соглашение	dbo	ТарифноеСоглашение	ID	FK_Тарифы_ТарифноеСоглашение
dbo	Тарифы	ID_СудоходнаяЛиния	dbo	Контрагент	ID	FK_Тарифы_Контрагент3
dbo	Тарифы	Значение_ID_ВалютаИнвСтоимости	dbo	Валюта	KOD	FK_Тарифы_Валюта1
dbo	Тип_Контейнера	ID_ТемпературныйТип	dbo	Температурный_Тип_Контейнера	ID	FK_Тип_Контейнера_Температурный_Тип_Контейнера
dbo	Тип_Контейнера	ID_ТипПроверки	dbo	Тип_Проверки	ID	FK_Тип_Контейнера_Тип_Проверки
dbo	Тип_Контрагента	ID_Группы	dbo	Тип_Контрагента	ID	FK_Тип_Контрагента_Тип_Контрагента
dbo	Тип_ном_единицы_избранное	ID_Номенклатура	dbo	Тип_номенклатурной_единицы	ID	FK_Тип_ном_единицы_избранное_Тип_номенклатурной_единицы
dbo	Тип_номенклатурной_единицы	ID_Аналитика	dbo	Аналитика	ID	FK_Тип_номенклатурной_единицы_Аналитика
dbo	Тип_номенклатурной_единицы	ID_ВидПропорции	dbo	Вид_пропорции	ID	FK_Тип_номенклатурной_единицы_Вид_пропорции
dbo	Тип_номенклатурной_единицы	ID_Группы	dbo	Тип_номенклатурной_единицы	ID	FK_Тип_услуги_Тип_услуги
dbo	Тип_номенклатурной_единицы	ID_Налог	dbo	Вид_Налога	ID	FK_Тип_номенклатурной_единицы_Вид_Налога
dbo	Тип_номенклатурной_единицы	ID_Номенклатура_Бух	dbo	Номенклатурные_единицы_бух	ID	FK_Тип_номенклатурной_единицы_Номенклатурные_единицы_бух
dbo	Тип_номенклатурной_единицы	ID_Статья_оборота	dbo	Статьи_оборотов	ID	FK_Тип_номенклатурной_единицы_Статьи_оборотов
dbo	Тип_Пломбы	ID_Вид_Пломбы	dbo	Вид_типа_пломбы	ID	FK_Тип_Пломбы_Вид_типа_пломбы
dbo	Тип_Прих_Док	ID_Тип_Рейса	dbo	Тип_Рейса	ID	FK_Тип_Прих_Док_Тип_Рейса
dbo	Тип_Рейса	ID_ТипДопТС	dbo	Тип_ТС	ID	FK_Тип_Рейса_Тип_ТС1
dbo	Тип_Рейса	ID_ТипТС	dbo	Тип_ТС	ID	FK_Тип_Рейса_Тип_ТС
dbo	Тип_Рейса	ID_ТипТСД	dbo	Тип_Документа	ID	FK_Тип_Рейса_Тип_Документа
dbo	Тип_ТС	ID_КлассЭмиссии	dbo	Класс_эмиссии	ID	FK_Тип_ТС_Класс_эмиссии
dbo	Тип_ТС	ID_Тип_Рейса	dbo	Тип_Рейса	ID	FK_Тип_ТС_Тип_Рейса
dbo	Тип_Упаковки_контейнера	PDL	dbo	Packaging_danger_level_code	ID	FK_Тип_Упаковки_контейнера_Packaging_danger_level_code
dbo	ТипДокумента_Права	ID_Группа	dbo	SecurityGroups	SecurityGroupID	FK_ТипДокумента_Права_SecurityGroups
dbo	Товар	ID_PO_Row	dbo	Потребность_Строка	ID	FK_Товар_Потребность_Строка
dbo	Товар	ID_ВалПродажи	dbo	Валюта	KOD	FK_Товар_Валюта1
dbo	Товар	ID_Валюта	dbo	Валюта	KOD	FK_Товар_Валюта
dbo	Товар	ID_ЕдИзм	dbo	Единица_Измерения	ID	FK_Товар_Единица_Измерения
dbo	Товар	ID_Изготовитель	dbo	Контрагент	ID	FK_Товар_Контрагент
dbo	Товар	ID_КодТНВЭД	dbo	КодТНВЭД	ID	FK_Товар_КодТНВЭД
dbo	Товар	ID_НаименованиеГруза	dbo	НаименованиеГруза	ID	FK_Товар_НаименованиеГруза
dbo	Товар	ID_СтранаИзготовитель	dbo	Страна	ID	FK_Товар_Страна
dbo	Товар	ID_ТипДокумента	dbo	Тип_Документа	ID	FK_Товар_Тип_Документа
dbo	Товар_Инвойс	ID_Инвойс	dbo	Инвойс	ID	FK_Товар_Инвойс_Инвойс
dbo	Товар_Инвойс	ID_Товар	dbo	Товар	ID	FK_Товар_Инвойс_Товар
dbo	Товар_ПоУпаковочному	ID_Инвойс	dbo	Товар	ID	FK_Товар_ПоУпаковочному_Товар
dbo	Товар_ПоУпаковочному	ID_НаименованиеГруза	dbo	НаименованиеГруза	ID	FK_Товар_ПоУпаковочному_НаименованиеГруза
dbo	Товар_Упаковочный	ID_ТоварПоУпаковочному	dbo	Товар_ПоУпаковочному	ID	FK_Товар_Упаковочный_Товар_ПоУпаковочному
dbo	Товар_Упаковочный	ID_Упаковочный	dbo	Упаковочный_Лист	ID	FK_Товар_Упаковочный_Упаковочный_Лист
dbo	Товарная_Группа	ID_ТовНапрЗакупки	dbo	Товарное_направление_Закупки	ID	FK_Товарная_Группа_Товарное_направление_Закупки
dbo	Товарная_Группа	ID_ТовНапрЛогистика	dbo	Товарное_направление	ID	FK_Товарная_Группа_Товарное_направление
dbo	Товарная_Группа_Логистика	ID_ТовНапрЗакупки	dbo	Товарное_направление_Закупки	ID	FK_Товарная_Группа_Логистика_Товарное_направление_Закупки
dbo	Товарная_Группа_Логистика	ID_ТовНапрЛогистика	dbo	Товарное_направление	ID	FK_Товарная_Группа_Логистика_Товарное_направление
dbo	ТранзитноеВремяВПорту	id	dbo	ТранзитноеВремяВПорту	id	FK_ТранзитноеВремяВПорту_ТранзитноеВремяВПорту
dbo	ТранзитноеВремяВПорту	id_location	dbo	НаселенныйПункт	ID	FK_ТранзитноеВремяВПорту_НаселенныйПункт
dbo	ТранзитноеВремяИзПорта	ID_Порт	dbo	НаселенныйПункт	ID	FK_ТранзитноеВремяИзПорта_НаселенныйПункт
dbo	ТранзитноеВремяИзПорта	ID_Пункт	dbo	Место_обработки_грузов	ID	FK_ТранзитноеВремяИзПорта_Место_обработки_грузов
dbo	Транспортное_Средство	ID_Владелец	dbo	Контрагент	ID	FK_Транспортное_Средство_Контрагент
dbo	Транспортное_Средство	ID_Водитель	dbo	Персона	ID	FK_Транспортное_Средство_Персона
dbo	Транспортное_Средство	ID_ДопТС	dbo	Транспортное_Средство	ID	FK_Транспортное_Средство_Транспортное_Средство
dbo	Транспортное_Средство	ID_КлассЭмиссии	dbo	Класс_эмиссии	ID	FK_Транспортное_Средство_Класс_эмиссии
dbo	Транспортное_Средство	ID_Статус	dbo	Статус_исполнения_документа	ID	FK_Транспортное_Средство_Статус_исполнения_документа
dbo	Транспортное_Средство	ID_Страна	dbo	Страна	ID	FK_Транспортное_Средство_Страна
dbo	Транспортное_Средство	ID_ТипТС	dbo	Тип_ТС	ID	FK_Транспортное_Средство_Тип_ТС
dbo	ТранспортныеЕдиницы	ID_Груз	dbo	Контейнер	ID	FK_ТранспортныеЕдиницы_Контейнер
dbo	ТранспортныеЕдиницы	ID_Отгрузка	dbo	Отгрузка	ID	FK_ТранспортныеЕдиницы_Отгрузка
dbo	ТранспортныеЕдиницы	ID_ТЕ	dbo	Оборудование	ID	FK_ТранспортныеЕдиницы_Оборудование
dbo	ТранспортныеЕдиницы	ID_ТипТЕ	dbo	Тип_Контейнера	ID	FK_ТранспортныеЕдиницы_Тип_Контейнера
dbo	ТранспортныеЕдиницы	ID_ТС	dbo	Транспортное_Средство	ID	FK_ТранспортныеЕдиницы_Транспортное_Средство
dbo	Уведомления_Запросы	ID_Тип	dbo	Уведомления_ТипЗапроса	ID	FK_Уведомления_Запросы_Уведомления_ТипЗапроса
dbo	Удостоверение_Личности	ID_Персоны	dbo	Персона	ID	FK_Удостоверение_Личности_Персона
dbo	Удостоверение_Личности	ID_ТипДокумента	dbo	Тип_Удостоверения_Личности	ID	FK_Удостоверение_Личности_Тип_Удостоверения_Личности
dbo	Упаковка	ID_UoM	dbo	ПотребностьСтрокаUoM	ID	FK_Упаковка_ПотребностьСтрокаUoM
dbo	Упаковка	ID_ЕИ	dbo	Единица_Измерения	ID	FK_Упаковка_Единица_Измерения
dbo	Упаковка	ID_Товар	dbo	Товар	ID	FK_Упаковка_Товар
dbo	Упаковочный_ГТД	ID_ГТД	dbo	Декларация	ID	FK_Упаковочный_ГТД_Декларация
dbo	Упаковочный_ГТД	ID_Упаковочный	dbo	Упаковочный_Лист	ID	FK_Упаковочный_ГТД_Упаковочный_Лист
dbo	Упаковочный_Лист	ID_Поставщик	dbo	Контрагент	ID	FK_Упаковочный_Лист_Контрагент
dbo	Условие_Доставки	ID_Код_Инкотермс	dbo	Код_Инкотермс	ID	FK_Условие_Доставки_Код_Инкотермс
dbo	Условие_Доставки	ID_Пункт	dbo	НаселенныйПункт	ID	FK_Условие_Доставки_НаселенныйПункт
dbo	Условие_Расчета	ID_Валюта	dbo	Валюта	KOD	FK_УсловиеРасчета_Валюта
dbo	Условие_Расчета	ID_ВидДатыКонцаРасчета	dbo	Вид_ДатыРасчета	ID	FK_Условие_Расчета_Вид_ДатыРасчета1
dbo	Условие_Расчета	ID_ВидДатыНачалаРасчета	dbo	Вид_ДатыРасчета	ID	FK_Условие_Расчета_Вид_ДатыРасчета
dbo	Условие_Расчета	ID_ВидСервиса	dbo	Тип_Сервиса_Запроса	ID	FK_УсловиеРасчета_Тип_Сервиса_Запроса
dbo	Условие_Расчета	ID_КлассОпасности	dbo	КлассОпасностиГруза	ID	FK_Условие_Расчета_КлассОпасностиГруза
dbo	Условие_Расчета	ID_Клиент	dbo	Контрагент	ID	FK_Условие_Расчета_Контрагент4
dbo	Условие_Расчета	ID_КонтрагентОтКого	dbo	Контрагент	ID	FK_Условие_Расчета_Контрагент5
dbo	Условие_Расчета	ID_Маршрут	dbo	Маршрут	ID	FK_Условие_Расчета_Маршрут
dbo	Условие_Расчета	ID_Налог	dbo	Вид_Налога	ID	FK_УсловиеРасчета_Вид_Налога
dbo	Условие_Расчета	ID_ОкАгент	dbo	Контрагент	ID	FK_Условие_Расчета_Контрагент1
dbo	Условие_Расчета	ID_Перевозчик	dbo	Контрагент	ID	FK_Условие_Расчета_Контрагент
dbo	Условие_Расчета	ID_Страховщик	dbo	Контрагент	ID	FK_Условие_Расчета_Контрагент3
dbo	Условие_Расчета	ID_ТерминалПриб	dbo	Место_обработки_грузов	ID	FK_Условие_Расчета_Место_обработки_грузов
dbo	Условие_Расчета	ID_ТипКонт	dbo	Тип_Контейнера	ID	FK_УсловиеРасчета_Тип_Контейнера
dbo	Условие_Расчета	ID_Услуга	dbo	Тип_номенклатурной_единицы	ID	FK_УсловиеРасчета_Тип_номенклатурной_единицы
dbo	Условие_Расчета	ID_ФидАгент	dbo	Контрагент	ID	FK_Условие_Расчета_Контрагент2
dbo	Условия_По_Договору	ID_Договор	dbo	Документ	ID	FK_Условия_По_Договору_Документ
dbo	Условия_По_Договору	ID_УсловияПоставки	dbo	Условие_Доставки	ID	FK_Условия_По_Договору_Условие_Доставки
dbo	Центр_Учета_Денег	ID_Банк	dbo	Банк	ID	FK_Центр_Учета_Денег_Банк
dbo	Центр_Учета_Денег	ID_СвояФирма	dbo	Контрагент	ID	FK_Центр_Учета_Денег_Контрагент
dbo	Центр_Учета_Денег	ID_Тип_центра	dbo	Тип_центра_учета_денег	ID	FK_Центр_Учета_Денег_Тип_центра_учета_денег
dbo	ЦФО	ID_Аналитика	dbo	Аналитика	ID	FK_ЦФО_Аналитика
dbo	ЦФО	ID_Группы	dbo	ЦФО	ID	FK_ЦФО_ЦФО
dbo	ЦФО	ID_Подразделения	dbo	Подразделения	ID	FK_ЦФО_Подразделения
dbo	ЦФО_Номенклатура	ID_Номенклатура	dbo	Тип_номенклатурной_единицы	ID	FK_ЦФО_Номенклатура_Тип_номенклатурной_единицы
dbo	ЦФО_Номенклатура	ID_ЦФО	dbo	ЦФО	ID	FK_ЦФО_Номенклатура_ЦФО
dbo	ЦФО_Спецификация	ID_Спецификация	dbo	Контейнер_Услуги_Счета	ID	FK_ЦФО_Спецификация_Контейнер_Услуги_Счета
dbo	ЦФО_Спецификация	ID_ЦФО	dbo	ЦФО	ID	FK_ЦФО_Спецификация_ЦФО
dbo	Шаблоны_Примечаний	ID_Группы	dbo	Шаблоны_Примечаний	ID	FK_Шаблоны_Примечаний_Шаблоны_Примечаний
dbo	Шаблоны_Примечаний	ID_Тип	dbo	Примечание_Тип	ID	FK_Шаблоны_Примечаний_Примечание_Тип
dbo	ЭДО	ID_Catalog	dbo	ЭДО_Каталог	ID	FK_ЭДО_ЭДО_Каталог
dbo	ЭДО	ID_ДействиеВЛС	dbo	ЭДО_Действие	ID	FK_ЭДО_ЭДО_Действие
dbo	ЭДО	ID_Контрагент	dbo	Контрагент	ID	FK_ЭДО_Контрагент
dbo	ЭДО	ID_Направлние	dbo	ЭДО_Направление	ID	FK_ЭДО_ЭДО_Направление
dbo	ЭДО	ID_Объект	dbo	Объект	ID	FK_ЭДО_Объект
dbo	ЭДО	ID_Сервис	dbo	ЭДО_Сервис	ID	FK_ЭДО_ЭДО_Сервис
dbo	ЭДО	ID_Скан	dbo	ЭДО	ID	FK_ЭДО_ЭДО
dbo	ЭДО	ID_СтатусИмпорта	dbo	ЭДО_СтатусИмпорта	ID	FK_ЭДО_ЭДО_СтатусИмпорта
dbo	ЭДО_Каталог	ID_Направление	dbo	ЭДО_Направление	ID	FK_ЭДО_Каталог_ЭДО_Направление
dbo	ЭДО_ТипДокумента	ID_ТипДокумента	dbo	Тип_Документа	ID	FK_ЭДО_ТипДокумента_Тип_Документа

(обработано строк: 1682)
